TransactionID,Date,Amount,Payee,Description,Reference
BT-000001,2025-10-02,-2068.50,PAY - J OCONNOR,PAYROLL,WAGES
BT-000002,2025-10-02,-1811.89,PAY - M TRAN,PAYROLL,WAGES
BT-000003,2025-10-02,-1784.82,PAY - S PATEL,PAYROLL,WAGES
BT-000004,2025-10-02,530.00,SEAN AND PRIYA PAPADOP,BPAY,PAPADOPOULOS
BT-000005,2025-10-03,-189.00,TELSTRA,DIRECT DEBIT,
BT-000006,2025-10-03,-642.50,TOYOTA FINANCE,DIRECT DEBIT,VEHICLE LEASE
BT-000007,2025-10-06,565.00,S TRAN,DIRECT CREDIT,
BT-000008,2025-10-07,-145.93,AMPOL ALEXANDRIA,VISA PURCHASE,
BT-000009,2025-10-07,-31.13,BUNNINGS 742000 ALEXANDRIA,VISA PURCHASE,
BT-000010,2025-10-07,-202.99,REECE PTY LTD,DIRECT DEBIT,STATEMENT
BT-000011,2025-10-08,-214.00,AAMI INSURANCE,DIRECT DEBIT,
BT-000012,2025-10-08,-70.00,XERO AUSTRALIA,DIRECT DEBIT,
BT-000013,2025-10-09,-104.63,BUNNINGS 703000 ROZELLE,VISA PURCHASE,
BT-000014,2025-10-09,570.00,NOAH WILSON,TRANSFER FROM,CISTERN
BT-000015,2025-10-09,-2010.89,PAY - J OCONNOR,PAYROLL,WAGES
BT-000016,2025-10-09,-1907.60,PAY - M TRAN,PAYROLL,WAGES
BT-000017,2025-10-09,-1652.14,PAY - S PATEL,PAYROLL,WAGES
BT-000018,2025-10-10,3760.00,GRACE LEE,TRANSFER FROM,
BT-000019,2025-10-11,720.00,ISLA AND JAMES MURPHY,BPAY,PLUMBING
BT-000020,2025-10-11,3201.91,MITCHELL W,BPAY,SURRY HILLS
BT-000021,2025-10-12,-11.06,BUNNINGS 703000 ROZELLE,VISA PURCHASE,
BT-000022,2025-10-12,890.00,MOSMAN STRATA MANAGEME,BPAY,
BT-000023,2025-10-13,-34.25,BUNNINGS 703000 ROZELLE,VISA PURCHASE,
BT-000024,2025-10-14,-160.07,BP MASCOT,VISA PURCHASE,
BT-000025,2025-10-14,-52.83,BUNNINGS 765000 RANDWICK,VISA PURCHASE,
BT-000026,2025-10-14,-34.90,BUNNINGS 765000 RANDWICK,VISA PURCHASE,
BT-000027,2025-10-16,728.00,HARBOUR REALTY SURRY H,OSKO PAYMENT,SURRY HILLS TOILET
BT-000028,2025-10-16,-1768.68,PAY - J OCONNOR,PAYROLL,WAGES
BT-000029,2025-10-16,-1730.55,PAY - M TRAN,PAYROLL,WAGES
BT-000030,2025-10-16,-1886.80,PAY - S PATEL,PAYROLL,WAGES
BT-000031,2025-10-18,8790.00,LEE G,OSKO PAYMENT,BTHRM
BT-000032,2025-10-19,-16.31,BUNNINGS 742000 ALEXANDRIA,VISA PURCHASE,
BT-000033,2025-10-20,1245.00,SEAN AND PRIYA PAPADOP,BPAY,GUTTER MANLY
BT-000034,2025-10-21,-96.54,AMPOL ALEXANDRIA,VISA PURCHASE,
BT-000035,2025-10-21,10000.00,TRANSFER FROM SAVINGS,INTERNAL TRANSFER,
BT-000036,2025-10-22,-3730.86,REECE PTY LTD,DIRECT DEBIT,STATEMENT
BT-000037,2025-10-23,-35.15,BUNNINGS 703000 ROZELLE,VISA PURCHASE,
BT-000038,2025-10-23,-6.09,BUNNINGS 765000 RANDWICK,VISA PURCHASE,
BT-000039,2025-10-23,1050.00,MS N BROWN,OSKO PAYMENT,
BT-000040,2025-10-23,-1807.73,PAY - J OCONNOR,PAYROLL,WAGES
BT-000041,2025-10-23,-1801.05,PAY - M TRAN,PAYROLL,WAGES
BT-000042,2025-10-23,-1794.46,PAY - S PATEL,PAYROLL,WAGES
BT-000043,2025-10-26,-13806.07,ATO,BPAY,BAS
BT-000044,2025-10-27,-23.98,BUNNINGS 703000 ROZELLE,VISA PURCHASE,
BT-000045,2025-10-27,1066.24,MR S HUGHES,DIRECT CREDIT,INVOICE
BT-000046,2025-10-28,-152.79,AMPOL ALEXANDRIA,VISA PURCHASE,
BT-000047,2025-10-28,225.00,LIAM CLARKE,OSKO PAYMENT,
BT-000048,2025-10-28,510.00,M ROBINSON,BPAY,coogee plumbing
BT-000049,2025-10-28,-10.00,MONTHLY ACCOUNT FEE,FEE,
BT-000050,2025-10-29,-20.11,BUNNINGS 765000 RANDWICK,VISA PURCHASE,
BT-000051,2025-10-29,960.00,H ROBINSON,DIRECT CREDIT,29 VICTORIA RD
BT-000052,2025-10-29,4060.00,NOAH CAMPBELL,DIRECT CREDIT,CAMPBELL
BT-000053,2025-10-29,-1002.86,RHEEM AUST PTY LTD,DIRECT DEBIT,
BT-000054,2025-10-30,719.50,MOSMAN STRATA MANAGEME,OSKO PAYMENT,PLUMBER
BT-000055,2025-10-30,-2052.47,PAY - J OCONNOR,PAYROLL,WAGES
BT-000056,2025-10-30,-1826.76,PAY - M TRAN,PAYROLL,WAGES
BT-000057,2025-10-30,-1968.67,PAY - S PATEL,PAYROLL,WAGES
BT-000058,2025-10-31,-14.06,BUNNINGS 765000 RANDWICK,VISA PURCHASE,
BT-000059,2025-11-01,325.00,HARBOUR REALTY MANLY,TRANSFER FROM,12 ASHBURNER ST
BT-000060,2025-11-02,565.00,CHEN J,TRANSFER FROM,
BT-000061,2025-11-02,-1167.82,RHEEM AUST PTY LTD,DIRECT DEBIT,
BT-000062,2025-11-03,295.00,SOPHIE WANG,OSKO PAYMENT,SURRY HILLS
BT-000063,2025-11-03,-189.00,TELSTRA,DIRECT DEBIT,
BT-000064,2025-11-03,-642.50,TOYOTA FINANCE,DIRECT DEBIT,VEHICLE LEASE
BT-000065,2025-11-03,10000.00,TRANSFER FROM SAVINGS,INTERNAL TRANSFER,
BT-000066,2025-11-04,-188.25,BP MASCOT,VISA PURCHASE,
BT-000067,2025-11-04,1500.00,CHEN AND CO ACCOUNTANT,TRANSFER FROM,
BT-000068,2025-11-05,-22.46,BUNNINGS 703000 ROZELLE,VISA PURCHASE,
BT-000069,2025-11-05,-24.67,BUNNINGS 742000 ALEXANDRIA,VISA PURCHASE,
BT-000070,2025-11-05,295.00,MIA THOMPSON,TRANSFER FROM,INVOICE
BT-000071,2025-11-05,-2223.63,REECE TRADE ACC,DIRECT DEBIT,STATEMENT
BT-000072,2025-11-06,-23.07,BUNNINGS 703000 ROZELLE,VISA PURCHASE,
BT-000073,2025-11-06,-25.94,BUNNINGS 765000 RANDWICK,VISA PURCHASE,
BT-000074,2025-11-06,165.00,HENRY WANG,BPAY,WANG ANNANDALE
BT-000075,2025-11-06,-1941.06,PAY - J OCONNOR,PAYROLL,WAGES
BT-000076,2025-11-06,-1940.01,PAY - M TRAN,PAYROLL,WAGES
BT-000077,2025-11-06,-1748.55,PAY - S PATEL,PAYROLL,WAGES
BT-000078,2025-11-07,165.00,HARBOUR REALTY NEWTOWN,DIRECT CREDIT,HARBOUR NEWTOWN
BT-000079,2025-11-07,2440.00,THOMAS ANDERSON,OSKO PAYMENT,50 COWLES RD
BT-000080,2025-11-08,-214.00,AAMI INSURANCE,DIRECT DEBIT,
BT-000081,2025-11-08,-70.00,XERO AUSTRALIA,DIRECT DEBIT,
BT-000082,2025-11-10,-30.74,BUNNINGS 703000 ROZELLE,VISA PURCHASE,
BT-000083,2025-11-10,165.00,THE DAILY GRIND CAFE P,DIRECT CREDIT,CHATSWOOD
BT-000084,2025-11-11,-142.76,AMPOL ALEXANDRIA,VISA PURCHASE,
BT-000085,2025-11-12,-11.20,BUNNINGS 765000 RANDWICK,VISA PURCHASE,
BT-000086,2025-11-12,705.00,MR L WANG,OSKO PAYMENT,152 ADDISON RD
BT-000087,2025-11-12,565.00,MS S TAYLOR,DIRECT CREDIT,GAS CHATSWOOD
BT-000088,2025-11-13,384.00,K CHEN,TRANSFER FROM,TOILET
BT-000089,2025-11-13,635.00,KING S,DIRECT CREDIT,GAS LEAK PADDINGTON
BT-000090,2025-11-13,-1894.42,PAY - J OCONNOR,PAYROLL,WAGES
BT-000091,2025-11-13,-1744.70,PAY - M TRAN,PAYROLL,WAGES
BT-000092,2025-11-13,-2111.01,PAY - S PATEL,PAYROLL,WAGES
BT-000093,2025-11-13,-2794.64,TRADELINK PTY LTD,DIRECT DEBIT,STATEMENT
BT-000094,2025-11-14,-12.64,BUNNINGS 703000 ROZELLE,VISA PURCHASE,
BT-000095,2025-11-14,-1530.66,RHEEM AUST PTY LTD,DIRECT DEBIT,
BT-000096,2025-11-16,165.00,C & E ROSSI,BPAY,INVOICE
BT-000097,2025-11-18,-152.16,BP MASCOT,VISA PURCHASE,
BT-000098,2025-11-18,-8.21,BUNNINGS 703000 ROZELLE,VISA PURCHASE,
BT-000099,2025-11-18,-29.29,BUNNINGS 765000 RANDWICK,VISA PURCHASE,
BT-000100,2025-11-18,395.00,MS W CAMPBELL,OSKO PAYMENT,DRAIN
BT-000101,2025-11-18,645.00,WHITE AND CO ACCOUNTAN,DIRECT CREDIT,INVOICE
BT-000102,2025-11-19,835.02,MAROUBRA STRATA MANAGE,TRANSFER FROM,PLUMBER
BT-000103,2025-11-19,1150.00,MOSMAN STRATA MANAGEME,DIRECT CREDIT,
BT-000104,2025-11-19,2230.00,ROBINSON H,OSKO PAYMENT,ROBINSON
BT-000105,2025-11-19,165.00,WANG H,OSKO PAYMENT,INVOICE
BT-000106,2025-11-20,310.00,MR H MITCHELL,BPAY,GLEBE
BT-000107,2025-11-20,820.00,MS E TRAN,BPAY,TRAN PADDINGTON
BT-000108,2025-11-20,-1692.39,PAY - J OCONNOR,PAYROLL,WAGES
BT-000109,2025-11-20,-1946.38,PAY - M TRAN,PAYROLL,WAGES
BT-000110,2025-11-20,-2117.31,PAY - S PATEL,PAYROLL,WAGES
BT-000111,2025-11-21,185.00,HARBOUR REALTY KENSING,BPAY,TAP REPAIR
BT-000112,2025-11-21,-2438.95,REECE TRADE ACC,DIRECT DEBIT,STATEMENT
BT-000113,2025-11-22,1380.00,H OBRIEN,OSKO PAYMENT,GUTTERS
BT-000114,2025-11-22,620.00,MIA ROBINSON,DIRECT CREDIT,PLUMBING
BT-000115,2025-11-22,265.00,MR C PATEL,OSKO PAYMENT,PLUMBER
BT-000116,2025-11-22,250.00,WEI THOMPSON,OSKO PAYMENT,
BT-000117,2025-11-23,-13.51,BUNNINGS 742000 ALEXANDRIA,VISA PURCHASE,
BT-000118,2025-11-25,-150.06,BP MASCOT,VISA PURCHASE,
BT-000119,2025-11-25,-46.03,BUNNINGS 703000 ROZELLE,VISA PURCHASE,
BT-000120,2025-11-25,-6.76,BUNNINGS 742000 ALEXANDRIA,VISA PURCHASE,
BT-000121,2025-11-27,-15.79,BUNNINGS 703000 ROZELLE,VISA PURCHASE,
BT-000122,2025-11-27,2075.00,E WILSON,TRANSFER FROM,WILSON CHATSWOOD
BT-000123,2025-11-27,-2042.62,PAY - J OCONNOR,PAYROLL,WAGES
BT-000124,2025-11-27,-1997.95,PAY - M TRAN,PAYROLL,WAGES
BT-000125,2025-11-27,-1778.26,PAY - S PATEL,PAYROLL,WAGES
BT-000126,2025-11-28,530.00,CHATSWOOD PHYSIOTHERAP,TRANSFER FROM,CHATSWOOD
BT-000127,2025-11-28,-10.00,MONTHLY ACCOUNT FEE,FEE,
BT-000128,2025-11-28,310.00,T WILSON,DIRECT CREDIT,
BT-000129,2025-11-29,330.00,AMELIA MARTIN,BPAY,MARTIN
BT-000130,2025-11-29,-12.43,BUNNINGS 765000 RANDWICK,VISA PURCHASE,
BT-000131,2025-11-29,1610.00,HARBOUR REALTY DEE WHY,DIRECT CREDIT,DEE WHY BATHROOM RENO
BT-000132,2025-11-29,9480.00,N CAMPBELL,OSKO PAYMENT,BATHRM
BT-000133,2025-12-02,-131.80,BP MASCOT,VISA PURCHASE,
BT-000134,2025-12-03,-1854.76,RHEEM AUST PTY LTD,DIRECT DEBIT,
BT-000135,2025-12-03,-189.00,TELSTRA,DIRECT DEBIT,
BT-000136,2025-12-03,-642.50,TOYOTA FINANCE,DIRECT DEBIT,VEHICLE LEASE
BT-000137,2025-12-04,-1771.91,PAY - J OCONNOR,PAYROLL,WAGES
BT-000138,2025-12-04,-1800.13,PAY - M TRAN,PAYROLL,WAGES
BT-000139,2025-12-04,-1918.34,PAY - S PATEL,PAYROLL,WAGES
BT-000140,2025-12-05,-30.92,BUNNINGS 703000 ROZELLE,VISA PURCHASE,
BT-000141,2025-12-05,-60.61,BUNNINGS 742000 ALEXANDRIA,VISA PURCHASE,
BT-000142,2025-12-05,-2286.93,RHEEM AUSTRALIA PTY,DIRECT DEBIT,
BT-000143,2025-12-06,685.00,JAMES KELLY,BPAY,
BT-000144,2025-12-06,-1397.82,REECE PTY LTD,DIRECT DEBIT,STATEMENT
BT-000145,2025-12-07,800.00,LITTLE SPROUTS CHILDCA,OSKO PAYMENT,PLUMBER
BT-000146,2025-12-07,2040.00,RYAN W,BPAY,surry hills plumbing
BT-000147,2025-12-08,-214.00,AAMI INSURANCE,DIRECT DEBIT,
BT-000148,2025-12-08,247.32,M ROBINSON,OSKO PAYMENT,COOGEE
BT-000149,2025-12-08,165.00,PATEL A,OSKO PAYMENT,172 DARLEY RD
BT-000150,2025-12-08,-70.00,XERO AUSTRALIA,DIRECT DEBIT,
BT-000151,2025-12-09,-179.77,BP MASCOT,VISA PURCHASE,
BT-000152,2025-12-09,730.00,M & A JOHNSON,DIRECT CREDIT,mosman plumbing
BT-000153,2025-12-09,4020.00,WILLIAM ROSSI,DIRECT CREDIT,DEE WHY
BT-000154,2025-12-10,165.00,C WILSON,OSKO PAYMENT,newtown plumbing
BT-000155,2025-12-11,165.00,MR H LE,OSKO PAYMENT,INVOICE
BT-000156,2025-12-11,-1778.04,PAY - J OCONNOR,PAYROLL,WAGES
BT-000157,2025-12-11,-2044.94,PAY - M TRAN,PAYROLL,WAGES
BT-000158,2025-12-11,-2116.96,PAY - S PATEL,PAYROLL,WAGES
BT-000159,2025-12-12,-31.44,BUNNINGS 742000 ALEXANDRIA,VISA PURCHASE,
BT-000160,2025-12-13,460.00,THE DAILY GRIND CAFE P,DIRECT CREDIT,
BT-000161,2025-12-14,-12.44,BUNNINGS 703000 ROZELLE,VISA PURCHASE,
BT-000162,2025-12-14,165.00,ISLA KING,TRANSFER FROM,INSPECTION ANNANDALE
BT-000163,2025-12-14,-951.98,TRADELINK PLUMBING SUPP,DIRECT DEBIT,STATEMENT
BT-000164,2025-12-15,-37.44,BUNNINGS 742000 ALEXANDRIA,VISA PURCHASE,
BT-000165,2025-12-15,171.65,MR A SINGH,BPAY,INVOICE
BT-000166,2025-12-16,-120.60,AMPOL ALEXANDRIA,VISA PURCHASE,
BT-000167,2025-12-16,165.00,COASTLINE PROP MGMT,OSKO PAYMENT,67 VICTORIA RD
BT-000168,2025-12-16,470.00,KOSTAS AND AMELIA KELL,DIRECT CREDIT,PLUMBING
BT-000169,2025-12-16,219.50,WHITE L,OSKO PAYMENT,WHITE
BT-000170,2025-12-17,-47.93,BUNNINGS 765000 RANDWICK,VISA PURCHASE,
BT-000171,2025-12-17,240.00,ELENI JOHNSON,OSKO PAYMENT,
BT-000172,2025-12-17,410.00,MIA ROBINSON,DIRECT CREDIT,PLUMBING
BT-000173,2025-12-18,420.00,A PATEL,BPAY,manly plumbing
BT-000174,2025-12-18,-27.71,BUNNINGS 703000 ROZELLE,VISA PURCHASE,
BT-000175,2025-12-18,-34.77,BUNNINGS 742000 ALEXANDRIA,VISA PURCHASE,
BT-000176,2025-12-18,-1663.57,PAY - J OCONNOR,PAYROLL,WAGES
BT-000177,2025-12-18,-1978.27,PAY - M TRAN,PAYROLL,WAGES
BT-000178,2025-12-18,-1980.63,PAY - S PATEL,PAYROLL,WAGES
BT-000179,2025-12-19,165.00,MS M CLARKE,DIRECT CREDIT,CLARKE DEE WHY
BT-000180,2025-12-19,350.00,N WILSON,TRANSFER FROM,
BT-000181,2025-12-20,340.00,H MITCHELL,BPAY,MITCHELL GLEBE
BT-000182,2025-12-21,-9.35,BUNNINGS 742000 ALEXANDRIA,VISA PURCHASE,
BT-000183,2025-12-21,-2910.56,REECE PTY LTD DD,DIRECT DEBIT,STATEMENT
BT-000184,2025-12-21,-1932.75,RHEEM AUSTRALIA PTY,DIRECT DEBIT,
BT-000185,2025-12-21,9380.00,ROSSI W,OSKO PAYMENT,ROSSI
BT-000186,2025-12-21,870.00,THOMAS PAPADOPOULOS,BPAY,mosman plumbing
BT-000187,2025-12-22,-40.91,BUNNINGS 742000 ALEXANDRIA,VISA PURCHASE,
BT-000188,2025-12-22,475.00,JOHNSON E,BPAY,PLUMBER
BT-000189,2025-12-23,-164.53,AMPOL ALEXANDRIA,VISA PURCHASE,
BT-000190,2025-12-24,-47.81,BUNNINGS 703000 ROZELLE,VISA PURCHASE,
BT-000191,2025-12-24,178.03,MR S HUGHES,BPAY,HUGHES MARRICKVILLE
BT-000192,2025-12-25,-33.24,BUNNINGS 765000 RANDWICK,VISA PURCHASE,
BT-000193,2025-12-25,602.21,MR H ROBINSON,BPAY,INVOICE
BT-000194,2025-12-25,-1677.70,PAY - J OCONNOR,PAYROLL,WAGES
BT-000195,2025-12-25,-1693.95,PAY - M TRAN,PAYROLL,WAGES
BT-000196,2025-12-25,-1897.34,PAY - S PATEL,PAYROLL,WAGES
BT-000197,2025-12-26,565.73,J WHITE,DIRECT CREDIT,PLUMBING
BT-000198,2025-12-27,375.00,MS M BROWN,TRANSFER FROM,INVOICE
BT-000199,2025-12-28,-10.00,MONTHLY ACCOUNT FEE,FEE,
BT-000200,2025-12-29,710.00,ANNANDALE PHYSIOTHERAP,DIRECT CREDIT,INVOICE
BT-000201,2025-12-30,-175.14,BP MASCOT,VISA PURCHASE,
BT-000202,2025-12-31,275.00,A PATEL,BPAY,manly plumbing
BT-000203,2025-12-31,460.70,MR C PATEL,OSKO PAYMENT,
BT-000204,2026-01-01,685.00,H PAPADOPOULOS,OSKO PAYMENT,12 ADDISON RD
BT-000205,2026-01-01,234.86,H ROBINSON,TRANSFER FROM,rozelle plumbing
BT-000206,2026-01-01,585.00,HARBOUR REALTY BALMAIN,OSKO PAYMENT,BALMAIN
BT-000207,2026-01-01,-1814.77,PAY - J OCONNOR,PAYROLL,WAGES
BT-000208,2026-01-01,-1993.06,PAY - M TRAN,PAYROLL,WAGES
BT-000209,2026-01-01,-1917.17,PAY - S PATEL,PAYROLL,WAGES
BT-000210,2026-01-01,625.00,THOMPSON E,TRANSFER FROM,COOKTOP
BT-000211,2026-01-02,-21.92,BUNNINGS 742000 ALEXANDRIA,VISA PURCHASE,
BT-000212,2026-01-02,-2127.01,RHEEM AUSTRALIA PTY,DIRECT DEBIT,
BT-000213,2026-01-03,165.00,MS N CAMPBELL,OSKO PAYMENT,CALLOUT RANDWICK
BT-000214,2026-01-03,-189.00,TELSTRA,DIRECT DEBIT,
BT-000215,2026-01-03,630.00,THE DAILY GRIND CAFE,DIRECT CREDIT,TOILET SURRY HILLS
BT-000216,2026-01-03,-642.50,TOYOTA FINANCE,DIRECT DEBIT,VEHICLE LEASE
BT-000217,2026-01-04,425.00,TAYLOR C,BPAY,BLOCKED DRAIN
BT-000218,2026-01-05,3763.80,COASTLINE PROP MGMT,TRANSFER FROM,DEE WHY BATHRM
BT-000219,2026-01-05,1705.00,M JOHNSON,BPAY,
BT-000220,2026-01-05,580.00,MS S LEE,BPAY,BONDI
BT-000221,2026-01-05,-3106.65,REECE PTY LTD DD,DIRECT DEBIT,STATEMENT
BT-000222,2026-01-05,2660.00,SOPHIE JOHNSON,BPAY,
BT-000223,2026-01-06,-139.07,BP MASCOT,VISA PURCHASE,
BT-000224,2026-01-06,-21.50,BUNNINGS 765000 RANDWICK,VISA PURCHASE,
BT-000225,2026-01-07,315.00,SINGH A,BPAY,BLOCKED DRAIN ROZELLE
BT-000226,2026-01-08,-214.00,AAMI INSURANCE,DIRECT DEBIT,
BT-000227,2026-01-08,-2068.41,PAY - J OCONNOR,PAYROLL,WAGES
BT-000228,2026-01-08,-2141.74,PAY - M TRAN,PAYROLL,WAGES
BT-000229,2026-01-08,-1746.44,PAY - S PATEL,PAYROLL,WAGES
BT-000230,2026-01-08,460.00,THE DAILY GRIND CAFE P,DIRECT CREDIT,
BT-000231,2026-01-08,-70.00,XERO AUSTRALIA,DIRECT DEBIT,
BT-000232,2026-01-09,-37.64,BUNNINGS 765000 RANDWICK,VISA PURCHASE,
BT-000233,2026-01-09,2015.00,E WHITE,OSKO PAYMENT,89 BELMONT RD
BT-000234,2026-01-11,950.00,COASTLINE PROP MGMT,DIRECT CREDIT,LEICHHARDT
BT-000235,2026-01-11,480.00,HARBOUR REALTY SURRY H,DIRECT CREDIT,SURRY HILLS
BT-000236,2026-01-12,-66.71,BUNNINGS 742000 ALEXANDRIA,VISA PURCHASE,
BT-000237,2026-01-13,-155.41,BP MASCOT,VISA PURCHASE,
BT-000238,2026-01-13,280.00,COASTLINE PROP MGMT,OSKO PAYMENT,LEICHHARDT
BT-000239,2026-01-13,214.99,COASTLINE PROPERTY MAN,TRANSFER FROM,PLUMBER
BT-000240,2026-01-14,-41.51,BUNNINGS 703000 ROZELLE,VISA PURCHASE,
BT-000241,2026-01-15,415.00,K CHEN,TRANSFER FROM,
BT-000242,2026-01-15,-1683.65,PAY - J OCONNOR,PAYROLL,WAGES
BT-000243,2026-01-15,-1810.80,PAY - M TRAN,PAYROLL,WAGES
BT-000244,2026-01-15,-1745.37,PAY - S PATEL,PAYROLL,WAGES
BT-000245,2026-01-15,-2529.44,TRADELINK PTY LTD,DIRECT DEBIT,STATEMENT
BT-000246,2026-01-16,275.82,COASTLINE PROP MGMT,BPAY,CHATSWOOD TAP
BT-000247,2026-01-16,1380.65,ELENI TRAN,BPAY,BURST PIPE PADDINGTON
BT-000248,2026-01-16,175.00,LE H,DIRECT CREDIT,
BT-000249,2026-01-16,165.00,TRAN S,BPAY,PLUMBING
BT-000250,2026-01-19,2135.00,COASTLINE PROPERTY MAN,DIRECT CREDIT,
BT-000251,2026-01-19,810.00,D KING,BPAY,
BT-000252,2026-01-20,-173.97,BP MASCOT,VISA PURCHASE,
BT-000253,2026-01-20,-1593.24,REECE PTY LTD DD,DIRECT DEBIT,STATEMENT
BT-000254,2026-01-21,-10.21,BUNNINGS 703000 ROZELLE,VISA PURCHASE,
BT-000255,2026-01-22,3500.00,E JOHNSON,DIRECT CREDIT,BATHROOM RENO KENSINGTON
BT-000256,2026-01-22,425.00,MINH JOHNSON,OSKO PAYMENT,TOILET COOGEE
BT-000257,2026-01-22,-1867.22,PAY - J OCONNOR,PAYROLL,WAGES
BT-000258,2026-01-22,-1776.79,PAY - M TRAN,PAYROLL,WAGES
BT-000259,2026-01-22,-1853.38,PAY - S PATEL,PAYROLL,WAGES
BT-000260,2026-01-22,260.00,T & S CHEN,TRANSFER FROM,TAP REPAIR CHATSWOOD
BT-000261,2026-01-23,538.78,HUGHES PROPERTY GROUP,DIRECT CREDIT,HUGHES GLEBE
BT-000262,2026-01-26,-13464.03,ATO,BPAY,BAS
BT-000263,2026-01-27,-144.72,BP MASCOT,VISA PURCHASE,
BT-000264,2026-01-27,2205.00,CHARLOTTE PATEL,OSKO PAYMENT,leichhardt plumbing
BT-000265,2026-01-27,240.00,S OBRIEN,TRANSFER FROM,PLUMBER
BT-000266,2026-01-27,1690.00,THOMPSON E,OSKO PAYMENT,BATHRM
BT-000267,2026-01-28,-33.02,BUNNINGS 742000 ALEXANDRIA,VISA PURCHASE,
BT-000268,2026-01-28,-10.00,MONTHLY ACCOUNT FEE,FEE,
BT-000269,2026-01-28,944.00,PAPADOPOULOS H,DIRECT CREDIT,12 ADDISON RD
BT-000270,2026-01-29,-2033.79,PAY - J OCONNOR,PAYROLL,WAGES
BT-000271,2026-01-29,-1730.80,PAY - M TRAN,PAYROLL,WAGES
BT-000272,2026-01-29,-1937.30,PAY - S PATEL,PAYROLL,WAGES
BT-000273,2026-01-29,1020.00,PRIYA MARTIN,OSKO PAYMENT,COOKTOP RANDWICK
BT-000274,2026-01-30,436.67,GIOVANNI TRAN,BPAY,rozelle plumbing
BT-000275,2026-01-30,165.00,L CHEN,DIRECT CREDIT,PADDINGTON CALLOUT
BT-000276,2026-02-01,-24.15,BUNNINGS 742000 ALEXANDRIA,VISA PURCHASE,
BT-000277,2026-02-03,-144.09,BP MASCOT,VISA PURCHASE,
BT-000278,2026-02-03,-53.61,BUNNINGS 742000 ALEXANDRIA,VISA PURCHASE,
BT-000279,2026-02-03,-189.00,TELSTRA,DIRECT DEBIT,
BT-000280,2026-02-03,-642.50,TOYOTA FINANCE,DIRECT DEBIT,VEHICLE LEASE
BT-000281,2026-02-05,-73.79,BUNNINGS 742000 ALEXANDRIA,VISA PURCHASE,
BT-000282,2026-02-05,-1778.66,PAY - J OCONNOR,PAYROLL,WAGES
BT-000283,2026-02-05,-1711.07,PAY - M TRAN,PAYROLL,WAGES
BT-000284,2026-02-05,-2054.27,PAY - S PATEL,PAYROLL,WAGES
BT-000285,2026-02-06,-19.43,BUNNINGS 742000 ALEXANDRIA,VISA PURCHASE,
BT-000286,2026-02-06,8175.00,E JOHNSON,DIRECT CREDIT,PLUMBER
BT-000287,2026-02-06,-1037.23,REECE PTY LTD,DIRECT DEBIT,STATEMENT
BT-000288,2026-02-07,285.00,THE DAILY GRIND CAFE,DIRECT CREDIT,THE SURRY HILLS
BT-000289,2026-02-08,-214.00,AAMI INSURANCE,DIRECT DEBIT,
BT-000290,2026-02-08,-70.00,XERO AUSTRALIA,DIRECT DEBIT,
BT-000291,2026-02-09,-15.39,BUNNINGS 765000 RANDWICK,VISA PURCHASE,
BT-000292,2026-02-10,-179.62,BP MASCOT,VISA PURCHASE,
BT-000293,2026-02-10,1015.00,K & L NGUYEN,BPAY,BURST PIPE
BT-000294,2026-02-11,175.00,HARBOUR REALTY NEUTRAL,OSKO PAYMENT,112 YEO ST
BT-000295,2026-02-11,250.00,S OBRIEN,TRANSFER FROM,PLUMBER
BT-000296,2026-02-11,165.00,T ANDERSON,DIRECT CREDIT,CALLOUT MOSMAN
BT-000297,2026-02-12,-1674.55,PAY - J OCONNOR,PAYROLL,WAGES
BT-000298,2026-02-12,-1824.00,PAY - M TRAN,PAYROLL,WAGES
BT-000299,2026-02-12,-2126.60,PAY - S PATEL,PAYROLL,WAGES
BT-000300,2026-02-12,-360.17,TRADELINK PTY LTD,DIRECT DEBIT,STATEMENT
BT-000301,2026-02-13,600.00,A WANG,TRANSFER FROM,PIPE SURRY HILLS
BT-000302,2026-02-13,-41.79,BUNNINGS 742000 ALEXANDRIA,VISA PURCHASE,
BT-000303,2026-02-13,320.00,E TAYLOR,OSKO PAYMENT,55 TRAFALGAR ST
BT-000304,2026-02-13,1120.00,THOMPSON E,OSKO PAYMENT,BATHRM
BT-000305,2026-02-14,-10.84,BUNNINGS 742000 ALEXANDRIA,VISA PURCHASE,
BT-000306,2026-02-14,295.00,L RYAN,OSKO PAYMENT,TAP REPAIR BALMAIN
BT-000307,2026-02-14,330.00,MS W SINGH,TRANSFER FROM,SURRY HILLS
BT-000308,2026-02-15,525.00,BROWN N,TRANSFER FROM,PLUMBER
BT-000309,2026-02-16,-24.25,BUNNINGS 742000 ALEXANDRIA,VISA PURCHASE,
BT-000310,2026-02-16,6572.00,COASTLINE PROP MGMT,DIRECT CREDIT,NEWTOWN
BT-000311,2026-02-16,335.00,MARTIN C,TRANSFER FROM,MANLY
BT-000312,2026-02-17,-150.96,BP MASCOT,VISA PURCHASE,
BT-000313,2026-02-17,175.00,MR N WILSON,DIRECT CREDIT,
BT-000314,2026-02-18,-38.02,BUNNINGS 703000 ROZELLE,VISA PURCHASE,
BT-000315,2026-02-19,-20.84,BUNNINGS 742000 ALEXANDRIA,VISA PURCHASE,
BT-000316,2026-02-19,-2136.35,PAY - J OCONNOR,PAYROLL,WAGES
BT-000317,2026-02-19,-1866.66,PAY - M TRAN,PAYROLL,WAGES
BT-000318,2026-02-19,-2063.87,PAY - S PATEL,PAYROLL,WAGES
BT-000319,2026-02-19,631.45,TRAN AND CO ACCOUNTANT,OSKO PAYMENT,GAS
BT-000320,2026-02-20,-1295.69,REECE TRADE ACC,DIRECT DEBIT,STATEMENT
BT-000321,2026-02-20,275.00,WEI WHITE,DIRECT CREDIT,TAP REPAIR
BT-000322,2026-02-21,570.58,CHLOE OBRIEN,OSKO PAYMENT,NEWTOWN
BT-000323,2026-02-21,1145.00,MS H CAMPBELL,DIRECT CREDIT,CAMPBELL
BT-000324,2026-02-24,470.00,A PATEL,BPAY,GAS LEAK MANLY
BT-000325,2026-02-24,-161.08,BP MASCOT,VISA PURCHASE,
BT-000326,2026-02-24,-30.91,BUNNINGS 742000 ALEXANDRIA,VISA PURCHASE,
BT-000327,2026-02-24,-14.06,BUNNINGS 765000 RANDWICK,VISA PURCHASE,
BT-000328,2026-02-25,807.86,COASTLINE PROPERTY MGM,BPAY,INVOICE
BT-000329,2026-02-26,735.00,E JOHNSON,TRANSFER FROM,GAS
BT-000330,2026-02-26,165.00,MR L WANG,OSKO PAYMENT,PLUMBER
BT-000331,2026-02-26,-1915.23,PAY - J OCONNOR,PAYROLL,WAGES
BT-000332,2026-02-26,-1683.61,PAY - M TRAN,PAYROLL,WAGES
BT-000333,2026-02-26,-2037.77,PAY - S PATEL,PAYROLL,WAGES
BT-000334,2026-02-27,165.00,KOSTAS WILSON,OSKO PAYMENT,INSPECTION
BT-000335,2026-02-27,383.10,MS E CLARKE,TRANSFER FROM,maroubra plumbing
BT-000336,2026-02-28,3280.00,DANIEL CLARKE,TRANSFER FROM,27 BUCKNELL ST
BT-000337,2026-02-28,-10.00,MONTHLY ACCOUNT FEE,FEE,
BT-000338,2026-03-01,-45.23,BUNNINGS 765000 RANDWICK,VISA PURCHASE,
BT-000339,2026-03-03,-204.25,BP MASCOT,VISA PURCHASE,
BT-000340,2026-03-03,-13.86,BUNNINGS 742000 ALEXANDRIA,VISA PURCHASE,
BT-000341,2026-03-03,-23.74,BUNNINGS 765000 RANDWICK,VISA PURCHASE,
BT-000342,2026-03-03,-189.00,TELSTRA,DIRECT DEBIT,
BT-000343,2026-03-03,-642.50,TOYOTA FINANCE,DIRECT DEBIT,VEHICLE LEASE
BT-000344,2026-03-05,-25.42,BUNNINGS 765000 RANDWICK,VISA PURCHASE,
BT-000345,2026-03-05,-1808.92,PAY - J OCONNOR,PAYROLL,WAGES
BT-000346,2026-03-05,-1756.46,PAY - M TRAN,PAYROLL,WAGES
BT-000347,2026-03-05,-2058.32,PAY - S PATEL,PAYROLL,WAGES
BT-000348,2026-03-06,-20.22,BUNNINGS 703000 ROZELLE,VISA PURCHASE,
BT-000349,2026-03-06,485.00,TAYLOR T,OSKO PAYMENT,165 HAIG ST
BT-000350,2026-03-07,230.00,K CHEN,BPAY,DRAIN BRONTE
BT-000351,2026-03-07,2360.00,MS S MITCHELL,TRANSFER FROM,GUTTER LEICHHARDT
BT-000352,2026-03-07,270.00,PRIYA AND WEI MURPHY,TRANSFER FROM,
BT-000353,2026-03-07,-2790.49,REECE PTY LTD DD,DIRECT DEBIT,STATEMENT
BT-000354,2026-03-08,-214.00,AAMI INSURANCE,DIRECT DEBIT,
BT-000355,2026-03-08,-35.34,BUNNINGS 765000 RANDWICK,VISA PURCHASE,
BT-000356,2026-03-08,525.00,MS L WHITE,TRANSFER FROM,PLUMBING
BT-000357,2026-03-08,-70.00,XERO AUSTRALIA,DIRECT DEBIT,
BT-000358,2026-03-10,-150.68,AMPOL ALEXANDRIA,VISA PURCHASE,
BT-000359,2026-03-10,850.00,MIA THOMPSON,DIRECT CREDIT,
BT-000360,2026-03-10,1010.00,MR L RYAN,TRANSFER FROM,PLUMBER
BT-000361,2026-03-10,755.00,SINGH H,DIRECT CREDIT,
BT-000362,2026-03-11,-28.65,BUNNINGS 742000 ALEXANDRIA,VISA PURCHASE,
BT-000363,2026-03-11,295.00,J WHITE,BPAY,WHITE MANLY
BT-000364,2026-03-12,-55.64,BUNNINGS 703000 ROZELLE,VISA PURCHASE,
BT-000365,2026-03-12,-1909.74,PAY - J OCONNOR,PAYROLL,WAGES
BT-000366,2026-03-12,-2035.62,PAY - M TRAN,PAYROLL,WAGES
BT-000367,2026-03-12,-1790.26,PAY - S PATEL,PAYROLL,WAGES
BT-000368,2026-03-13,-24.83,BUNNINGS 703000 ROZELLE,VISA PURCHASE,
BT-000369,2026-03-13,335.00,MS W SINGH,TRANSFER FROM,SURRY HILLS
BT-000370,2026-03-14,-8.13,BUNNINGS 765000 RANDWICK,VISA PURCHASE,
BT-000371,2026-03-14,440.00,MS W ANDERSON,OSKO PAYMENT,
BT-000372,2026-03-14,-679.78,TRADELINK PTY LTD,DIRECT DEBIT,STATEMENT
BT-000373,2026-03-15,180.00,S PAPADOPOULOS,BPAY,kensington plumbing
BT-000374,2026-03-16,-17.14,BUNNINGS 765000 RANDWICK,VISA PURCHASE,
BT-000375,2026-03-16,185.00,COASTLINE PROP MGMT,TRANSFER FROM,LEICHHARDT TAP
BT-000376,2026-03-17,165.00,A KELLY,DIRECT CREDIT,mosman plumbing
BT-000377,2026-03-17,-91.39,AMPOL ALEXANDRIA,VISA PURCHASE,
BT-000378,2026-03-17,-41.75,BUNNINGS 765000 RANDWICK,VISA PURCHASE,
BT-000379,2026-03-17,-37.30,BUNNINGS 765000 RANDWICK,VISA PURCHASE,
BT-000380,2026-03-17,805.00,MS H ROBINSON,BPAY,GAS ROZELLE
BT-000381,2026-03-17,185.00,PAPADOPOULOS H,BPAY,TAP REPAIR
BT-000382,2026-03-18,-48.20,BUNNINGS 742000 ALEXANDRIA,VISA PURCHASE,
BT-000383,2026-03-18,630.00,PRIYA WHITE,OSKO PAYMENT,
BT-000384,2026-03-19,575.00,LEE G,BPAY,dee why plumbing
BT-000385,2026-03-19,-2107.03,PAY - J OCONNOR,PAYROLL,WAGES
BT-000386,2026-03-19,-2074.65,PAY - M TRAN,PAYROLL,WAGES
BT-000387,2026-03-19,-1749.54,PAY - S PATEL,PAYROLL,WAGES
BT-000388,2026-03-19,640.95,R CAMPBELL,TRANSFER FROM,CAMPBELL
BT-000389,2026-03-19,88.18,REECE PTY LTD,DIRECT CREDIT,REFUND
BT-000390,2026-03-20,7650.00,DANIEL CLARKE,TRANSFER FROM,
BT-000391,2026-03-21,-2454.45,REECE PTY LTD DD,DIRECT DEBIT,STATEMENT
BT-000392,2026-03-22,-31.25,BUNNINGS 765000 RANDWICK,VISA PURCHASE,
BT-000393,2026-03-22,-17.96,BUNNINGS 765000 RANDWICK,VISA PURCHASE,
BT-000394,2026-03-22,880.00,COASTLINE PROP MGMT,DIRECT CREDIT,111 BOURKE ST
BT-000395,2026-03-22,12750.00,J JOHNSON,TRANSFER FROM,PLUMBING
BT-000396,2026-03-22,2165.00,THOMAS CHEN,BPAY,chatswood plumbing
BT-000397,2026-03-23,661.91,COASTLINE PROP MGMT,DIRECT CREDIT,GLEBE CISTERN
BT-000398,2026-03-23,2370.00,MIA HUGHES,BPAY,98 COWLES RD
BT-000399,2026-03-23,240.00,TAYLOR C,DIRECT CREDIT,PLUMBER
BT-000400,2026-03-24,-117.06,BP MASCOT,VISA PURCHASE,
BT-000401,2026-03-24,-58.93,BUNNINGS 703000 ROZELLE,VISA PURCHASE,
BT-000402,2026-03-25,-54.09,BUNNINGS 765000 RANDWICK,VISA PURCHASE,
BT-000403,2026-03-25,-1362.93,RHEEM AUST PTY LTD,DIRECT DEBIT,
BT-000404,2026-03-25,3239.50,WANG S,DIRECT CREDIT,MAROUBRA
BT-000405,2026-03-26,458.50,G TAYLOR,TRANSFER FROM,DRAIN
BT-000406,2026-03-26,285.00,MOSMAN STRATA MANAGEME,TRANSFER FROM,TAP
BT-000407,2026-03-26,-2052.62,PAY - J OCONNOR,PAYROLL,WAGES
BT-000408,2026-03-26,-1650.13,PAY - M TRAN,PAYROLL,WAGES
BT-000409,2026-03-26,-1775.99,PAY - S PATEL,PAYROLL,WAGES
BT-000410,2026-03-27,-43.79,BUNNINGS 703000 ROZELLE,VISA PURCHASE,
BT-000411,2026-03-28,-10.00,MONTHLY ACCOUNT FEE,FEE,
BT-000412,2026-03-31,2780.00,ANDERSON E,BPAY,
BT-000413,2026-03-31,-165.74,BP MASCOT,VISA PURCHASE,
BT-000414,2026-04-01,845.00,ANDERSON M,DIRECT CREDIT,
BT-000415,2026-04-01,-56.64,BUNNINGS 703000 ROZELLE,VISA PURCHASE,
BT-000416,2026-04-01,165.00,I THOMPSON,BPAY,ANNANDALE
BT-000417,2026-04-01,690.00,LITTLE SPROUTS CHILDCA,DIRECT CREDIT,165 STATION ST
BT-000418,2026-04-01,1108.50,MS N CAMPBELL,BPAY,CAMPBELL
BT-000419,2026-04-01,2360.00,RYAN L,OSKO PAYMENT,
BT-000420,2026-04-02,-1796.66,PAY - J OCONNOR,PAYROLL,WAGES
BT-000421,2026-04-02,-2101.56,PAY - M TRAN,PAYROLL,WAGES
BT-000422,2026-04-02,-1835.92,PAY - S PATEL,PAYROLL,WAGES
BT-000423,2026-04-03,-189.00,TELSTRA,DIRECT DEBIT,
BT-000424,2026-04-03,-642.50,TOYOTA FINANCE,DIRECT DEBIT,VEHICLE LEASE
BT-000425,2026-04-04,305.00,LINH HARRIS,BPAY,
BT-000426,2026-04-05,4000.00,A THOMPSON,TRANSFER FROM,ROZELLE BATHROOM RENO
BT-000427,2026-04-07,-128.52,BP MASCOT,VISA PURCHASE,
BT-000428,2026-04-07,-23.03,BUNNINGS 703000 ROZELLE,VISA PURCHASE,
BT-000429,2026-04-07,300.00,MR S CHEN,BPAY,PLUMBING
BT-000430,2026-04-07,-6148.67,REECE PTY LTD,DIRECT DEBIT,STATEMENT
BT-000431,2026-04-08,-214.00,AAMI INSURANCE,DIRECT DEBIT,
BT-000432,2026-04-08,-10.61,BUNNINGS 703000 ROZELLE,VISA PURCHASE,
BT-000433,2026-04-08,-70.00,XERO AUSTRALIA,DIRECT DEBIT,
BT-000434,2026-04-09,1327.39,L TRAN,OSKO PAYMENT,TRAN
BT-000435,2026-04-09,-1674.11,PAY - J OCONNOR,PAYROLL,WAGES
BT-000436,2026-04-09,-1702.07,PAY - M TRAN,PAYROLL,WAGES
BT-000437,2026-04-09,-1688.50,PAY - S PATEL,PAYROLL,WAGES
BT-000438,2026-04-10,-29.60,BUNNINGS 742000 ALEXANDRIA,VISA PURCHASE,
BT-000439,2026-04-10,350.00,TAYLOR C,DIRECT CREDIT,PLUMBER
BT-000440,2026-04-11,3205.00,ANDERSON AND CO ACCOUN,DIRECT CREDIT,HOT WATER
BT-000441,2026-04-11,266.63,JAMES KING,OSKO PAYMENT,TAP REPAIR
BT-000442,2026-04-11,591.16,W TAYLOR,DIRECT CREDIT,DRAIN MANLY
BT-000443,2026-04-12,-1806.23,RHEEM AUSTRALIA PTY,DIRECT DEBIT,
BT-000444,2026-04-12,200.00,WEI AND RAJ RYAN,BPAY,RYAN ANNANDALE
BT-000445,2026-04-13,580.00,HARBOUR REALTY MAROUBR,BPAY,MAROUBRA DRAIN
BT-000446,2026-04-14,-161.32,BP MASCOT,VISA PURCHASE,
BT-000447,2026-04-14,-12.58,BUNNINGS 703000 ROZELLE,VISA PURCHASE,
BT-000448,2026-04-14,730.00,P KELLY,OSKO PAYMENT,
BT-000449,2026-04-14,-1303.37,TRADELINK PLUMBING SUPP,DIRECT DEBIT,STATEMENT
BT-000450,2026-04-15,-1232.35,RHEEM AUSTRALIA PTY,DIRECT DEBIT,
BT-000451,2026-04-16,200.00,CHARLOTTE AND MINH KEL,BPAY,KELLY ROZELLE
BT-000452,2026-04-16,-2035.13,PAY - J OCONNOR,PAYROLL,WAGES
BT-000453,2026-04-16,-1848.27,PAY - M TRAN,PAYROLL,WAGES
BT-000454,2026-04-16,-2114.72,PAY - S PATEL,PAYROLL,WAGES
BT-000455,2026-04-17,165.00,ANNANDALE PHYSIOTHERAP,TRANSFER FROM,ANNANDALE ANNANDALE
BT-000456,2026-04-17,-10.11,BUNNINGS 765000 RANDWICK,VISA PURCHASE,
BT-000457,2026-04-17,-1453.48,RHEEM AUST PTY LTD,DIRECT DEBIT,
BT-000458,2026-04-18,985.00,H PAPADOPOULOS,BPAY,MANLY
BT-000459,2026-04-18,3125.00,RYAN M,BPAY,MARRICKVILLE
BT-000460,2026-04-18,580.00,WILSON L,DIRECT CREDIT,PLUMBER
BT-000461,2026-04-20,-1074.00,RHEEM AUSTRALIA PTY,DIRECT DEBIT,
BT-000462,2026-04-21,-171.52,BP MASCOT,VISA PURCHASE,
BT-000463,2026-04-21,9320.00,HARBOUR REALTY ROZELLE,DIRECT CREDIT,ROZELLE BATHROOM RENO
BT-000464,2026-04-21,511.71,THOMAS AND EMILY WILSO,DIRECT CREDIT,WILSON CHATSWOOD
BT-000465,2026-04-22,-15.87,BUNNINGS 742000 ALEXANDRIA,VISA PURCHASE,
BT-000466,2026-04-22,-1700.75,REECE PTY LTD,DIRECT DEBIT,STATEMENT
BT-000467,2026-04-22,620.00,SEAN WHITE,DIRECT CREDIT,
BT-000468,2026-04-23,165.00,MS R WILSON,TRANSFER FROM,
BT-000469,2026-04-23,-1737.09,PAY - J OCONNOR,PAYROLL,WAGES
BT-000470,2026-04-23,-1864.24,PAY - M TRAN,PAYROLL,WAGES
BT-000471,2026-04-23,-2138.42,PAY - S PATEL,PAYROLL,WAGES
BT-000472,2026-04-24,330.00,THE DAILY GRIND CAFE,DIRECT CREDIT,TAP REPAIR PADDINGTON
BT-000473,2026-04-25,200.00,MR J WHITE,BPAY,136 ASHBURNER ST
BT-000474,2026-04-25,231.53,SURRY HILLS PHYSIOTHER,TRANSFER FROM,DRAIN
BT-000475,2026-04-26,-8078.00,ATO,BPAY,BAS
BT-000476,2026-04-26,-14.19,BUNNINGS 765000 RANDWICK,VISA PURCHASE,
BT-000477,2026-04-27,2159.67,COASTLINE PROP MGMT,OSKO PAYMENT,BRONTE HOT WATER
BT-000478,2026-04-28,-144.81,AMPOL ALEXANDRIA,VISA PURCHASE,
BT-000479,2026-04-28,-10.00,MONTHLY ACCOUNT FEE,FEE,
BT-000480,2026-04-29,-42.83,BUNNINGS 765000 RANDWICK,VISA PURCHASE,
BT-000481,2026-04-30,-1832.09,PAY - J OCONNOR,PAYROLL,WAGES
BT-000482,2026-04-30,-1782.55,PAY - M TRAN,PAYROLL,WAGES
BT-000483,2026-04-30,-2122.37,PAY - S PATEL,PAYROLL,WAGES
BT-000484,2026-05-01,-18.60,BUNNINGS 765000 RANDWICK,VISA PURCHASE,
BT-000485,2026-05-01,10000.00,TRANSFER FROM SAVINGS,INTERNAL TRANSFER,
BT-000486,2026-05-02,765.00,MR W MITCHELL,OSKO PAYMENT,
BT-000487,2026-05-03,-189.00,TELSTRA,DIRECT DEBIT,
BT-000488,2026-05-03,-642.50,TOYOTA FINANCE,DIRECT DEBIT,VEHICLE LEASE
BT-000489,2026-05-03,10000.00,TRANSFER FROM SAVINGS,INTERNAL TRANSFER,
BT-000490,2026-05-04,-14.74,BUNNINGS 742000 ALEXANDRIA,VISA PURCHASE,
BT-000491,2026-05-04,605.64,HARBOUR REALTY NEWTOWN,OSKO PAYMENT,INVOICE
BT-000492,2026-05-04,380.00,WILSON L,DIRECT CREDIT,PLUMBER
BT-000493,2026-05-05,-114.21,BP MASCOT,VISA PURCHASE,
BT-000494,2026-05-05,995.00,DANIEL WANG,OSKO PAYMENT,INVOICE
BT-000495,2026-05-05,2255.00,L WILSON,DIRECT CREDIT,WILSON GLEBE
BT-000496,2026-05-06,304.65,MURPHY W,DIRECT CREDIT,GAS LEAK
BT-000497,2026-05-06,-1237.42,REECE TRADE ACC,DIRECT DEBIT,STATEMENT
BT-000498,2026-05-06,-1972.93,RHEEM AUSTRALIA PTY,DIRECT DEBIT,
BT-000499,2026-05-07,405.00,LUCAS RYAN,DIRECT CREDIT,
BT-000500,2026-05-07,-1906.04,PAY - J OCONNOR,PAYROLL,WAGES
BT-000501,2026-05-07,-1996.51,PAY - M TRAN,PAYROLL,WAGES
BT-000502,2026-05-07,-2036.98,PAY - S PATEL,PAYROLL,WAGES
BT-000503,2026-05-08,-214.00,AAMI INSURANCE,DIRECT DEBIT,
BT-000504,2026-05-08,-70.00,XERO AUSTRALIA,DIRECT DEBIT,
BT-000505,2026-05-10,415.00,CHEN AND CO ACCOUNTANT,TRANSFER FROM,MOSMAN
BT-000506,2026-05-11,-18.54,BUNNINGS 765000 RANDWICK,VISA PURCHASE,
BT-000507,2026-05-11,1700.00,PRIYA KELLY,DIRECT CREDIT,INVOICE
BT-000508,2026-05-12,-97.29,BP MASCOT,VISA PURCHASE,
BT-000509,2026-05-12,-39.30,BUNNINGS 703000 ROZELLE,VISA PURCHASE,
BT-000510,2026-05-12,600.00,MR G MURPHY,DIRECT CREDIT,neutral bay plumbing
BT-000511,2026-05-13,-12.40,BUNNINGS 765000 RANDWICK,VISA PURCHASE,
BT-000512,2026-05-13,210.00,WILLIAM HARRIS,OSKO PAYMENT,HARRIS
BT-000513,2026-05-14,510.00,H & A PATEL,DIRECT CREDIT,
BT-000514,2026-05-14,-1960.97,PAY - J OCONNOR,PAYROLL,WAGES
BT-000515,2026-05-14,-1923.44,PAY - M TRAN,PAYROLL,WAGES
BT-000516,2026-05-14,-1953.78,PAY - S PATEL,PAYROLL,WAGES
BT-000517,2026-05-14,-747.62,TRADELINK PTY LTD,DIRECT DEBIT,STATEMENT
BT-000518,2026-05-15,655.00,BRONTE PHYSIOTHERAPY,DIRECT CREDIT,
BT-000519,2026-05-15,-28.04,BUNNINGS 765000 RANDWICK,VISA PURCHASE,
BT-000520,2026-05-15,165.00,JAMES TAYLOR,TRANSFER FROM,TAYLOR
BT-000521,2026-05-15,1045.00,TRAN AND CO ACCOUNTANT,BPAY,balmain plumbing
BT-000522,2026-05-17,-1394.95,RHEEM AUST PTY LTD,DIRECT DEBIT,
BT-000523,2026-05-18,-7.20,BUNNINGS 703000 ROZELLE,VISA PURCHASE,
BT-000524,2026-05-19,-184.95,BP MASCOT,VISA PURCHASE,
BT-000525,2026-05-19,1095.00,JOHNSON T,OSKO PAYMENT,INVOICE
BT-000526,2026-05-19,105.11,REECE PTY LTD,DIRECT CREDIT,REFUND
BT-000527,2026-05-20,-73.39,BUNNINGS 742000 ALEXANDRIA,VISA PURCHASE,
BT-000528,2026-05-20,-31.38,BUNNINGS 765000 RANDWICK,VISA PURCHASE,
BT-000529,2026-05-20,915.00,MINH ROBINSON,BPAY,PIPE MAROUBRA
BT-000530,2026-05-20,499.00,MR W WALKER,TRANSFER FROM,
BT-000531,2026-05-21,-1944.42,PAY - J OCONNOR,PAYROLL,WAGES
BT-000532,2026-05-21,-1806.61,PAY - M TRAN,PAYROLL,WAGES
BT-000533,2026-05-21,-1910.16,PAY - S PATEL,PAYROLL,WAGES
BT-000534,2026-05-21,5000.00,TRANSFER FROM SAVINGS,INTERNAL TRANSFER,
BT-000535,2026-05-22,285.00,G SINGH,BPAY,TAP REPAIR
BT-000536,2026-05-22,245.00,PRIYA WHITE,TRANSFER FROM,PLUMBING
BT-000537,2026-05-22,-1541.91,REECE PTY LTD DD,DIRECT DEBIT,STATEMENT
BT-000538,2026-05-23,447.55,MS C ANDERSON,TRANSFER FROM,PLUMBING
BT-000539,2026-05-26,-194.86,BP MASCOT,VISA PURCHASE,
BT-000540,2026-05-26,635.00,CHEN A,TRANSFER FROM,CHEN
BT-000541,2026-05-28,300.00,CHARLOTTE TAYLOR,DIRECT CREDIT,130 SHORT ST
BT-000542,2026-05-28,180.00,KELLY L,OSKO PAYMENT,KELLY
BT-000543,2026-05-28,-10.00,MONTHLY ACCOUNT FEE,FEE,
BT-000544,2026-05-28,-2000.02,PAY - J OCONNOR,PAYROLL,WAGES
BT-000545,2026-05-28,-2083.38,PAY - M TRAN,PAYROLL,WAGES
BT-000546,2026-05-28,-2011.99,PAY - S PATEL,PAYROLL,WAGES
BT-000547,2026-05-29,700.00,CHEN A,BPAY,
BT-000548,2026-05-29,300.65,KELLY PROPERTY GROUP,BPAY,PLUMBING
BT-000549,2026-05-29,810.00,MR L MURPHY,OSKO PAYMENT,GAS COOKTOP
BT-000550,2026-06-02,-195.97,AMPOL ALEXANDRIA,VISA PURCHASE,
BT-000551,2026-06-02,285.00,HARBOUR REALTY COOGEE,TRANSFER FROM,COOGEE TAP REPAIR
BT-000552,2026-06-03,2215.00,MS I TRAN,DIRECT CREDIT,TRAN
BT-000553,2026-06-03,-189.00,TELSTRA,DIRECT DEBIT,
BT-000554,2026-06-03,-642.50,TOYOTA FINANCE,DIRECT DEBIT,VEHICLE LEASE
BT-000555,2026-06-04,-1819.20,PAY - J OCONNOR,PAYROLL,WAGES
BT-000556,2026-06-04,-1760.77,PAY - M TRAN,PAYROLL,WAGES
BT-000557,2026-06-04,-2080.87,PAY - S PATEL,PAYROLL,WAGES
BT-000558,2026-06-05,-45.43,BUNNINGS 703000 ROZELLE,VISA PURCHASE,
BT-000559,2026-06-05,-54.72,BUNNINGS 703000 ROZELLE,VISA PURCHASE,
BT-000560,2026-06-05,3388.00,CHEN AND CO ACCOUNTANT,DIRECT CREDIT,
BT-000561,2026-06-05,250.00,S LE,OSKO PAYMENT,92 PITTWATER RD
BT-000562,2026-06-06,3110.00,HARBOUR REALTY COOGEE,BPAY,HARBOUR
BT-000563,2026-06-06,620.00,ROSSI P,BPAY,ROSSI BALMAIN
BT-000564,2026-06-07,-1132.85,REECE TRADE ACC,DIRECT DEBIT,STATEMENT
BT-000565,2026-06-08,-214.00,AAMI INSURANCE,DIRECT DEBIT,
BT-000566,2026-06-08,365.00,ROSSI M,DIRECT CREDIT,bronte plumbing
BT-000567,2026-06-08,-70.00,XERO AUSTRALIA,DIRECT DEBIT,
BT-000568,2026-06-09,-194.69,AMPOL ALEXANDRIA,VISA PURCHASE,
BT-000569,2026-06-09,495.00,MS O TRAN,OSKO PAYMENT,PLUMBER
BT-000570,2026-06-09,165.00,T JOHNSON,OSKO PAYMENT,INSPECTION
BT-000571,2026-06-11,940.00,MR G MITCHELL,DIRECT CREDIT,
BT-000572,2026-06-11,-1806.99,PAY - J OCONNOR,PAYROLL,WAGES
BT-000573,2026-06-11,-1693.24,PAY - M TRAN,PAYROLL,WAGES
BT-000574,2026-06-11,-2147.05,PAY - S PATEL,PAYROLL,WAGES
BT-000575,2026-06-11,765.00,S ROBINSON,TRANSFER FROM,SURRY HILLS COOKTOP
BT-000576,2026-06-13,1506.75,S THOMPSON,DIRECT CREDIT,rozelle plumbing
BT-000577,2026-06-13,-1253.34,TRADELINK PLUMBING SUPP,DIRECT DEBIT,STATEMENT
BT-000578,2026-06-15,-32.32,BUNNINGS 703000 ROZELLE,VISA PURCHASE,
BT-000579,2026-06-16,-135.59,AMPOL ALEXANDRIA,VISA PURCHASE,
BT-000580,2026-06-16,-115.22,BUNNINGS 765000 RANDWICK,VISA PURCHASE,
BT-000581,2026-06-17,805.00,CAMPBELL R,OSKO PAYMENT,CISTERN
BT-000582,2026-06-17,3830.00,S PAPADOPOULOS,DIRECT CREDIT,kensington plumbing
BT-000583,2026-06-17,650.00,T NGUYEN,OSKO PAYMENT,43 COWLES RD
BT-000584,2026-06-18,-43.92,BUNNINGS 703000 ROZELLE,VISA PURCHASE,
BT-000585,2026-06-18,-2007.37,PAY - J OCONNOR,PAYROLL,WAGES
BT-000586,2026-06-18,-1814.02,PAY - M TRAN,PAYROLL,WAGES
BT-000587,2026-06-18,-2125.34,PAY - S PATEL,PAYROLL,WAGES
BT-000588,2026-06-20,-11.02,BUNNINGS 742000 ALEXANDRIA,VISA PURCHASE,
BT-000589,2026-06-20,-30.40,BUNNINGS 765000 RANDWICK,VISA PURCHASE,
BT-000590,2026-06-20,-779.64,REECE PTY LTD,DIRECT DEBIT,STATEMENT
BT-000591,2026-06-21,-10.00,BUNNINGS 765000 RANDWICK,VISA PURCHASE,
BT-000592,2026-06-21,440.00,E WILLIAMS,OSKO PAYMENT,INVOICE
BT-000593,2026-06-21,895.00,HARBOUR REALTY DEE WHY,DIRECT CREDIT,DEE WHY
BT-000594,2026-06-22,7905.00,CHEN AND CO ACCOUNTANT,BPAY,BTHRM MOSMAN
BT-000595,2026-06-22,-1949.88,RHEEM AUST PTY LTD,DIRECT DEBIT,
BT-000596,2026-06-23,-168.42,BP MASCOT,VISA PURCHASE,
BT-000597,2026-06-23,-40.06,BUNNINGS 742000 ALEXANDRIA,VISA PURCHASE,
BT-000598,2026-06-24,631.59,HARRIS W,BPAY,HARRIS
BT-000599,2026-06-25,-39.73,BUNNINGS 765000 RANDWICK,VISA PURCHASE,
BT-000600,2026-06-25,615.00,HARBOUR REALTY GLEBE,DIRECT CREDIT,76 FOREST ST
BT-000601,2026-06-25,-1985.81,PAY - J OCONNOR,PAYROLL,WAGES
BT-000602,2026-06-25,-1913.75,PAY - M TRAN,PAYROLL,WAGES
BT-000603,2026-06-25,-1789.17,PAY - S PATEL,PAYROLL,WAGES
BT-000604,2026-06-28,-16.86,BUNNINGS 765000 RANDWICK,VISA PURCHASE,
BT-000605,2026-06-28,260.45,L TRAN,BPAY,NEWTOWN
BT-000606,2026-06-28,-10.00,MONTHLY ACCOUNT FEE,FEE,
BT-000607,2026-06-29,-13.27,BUNNINGS 742000 ALEXANDRIA,VISA PURCHASE,
BT-000608,2026-06-29,-64.66,BUNNINGS 765000 RANDWICK,VISA PURCHASE,
BT-000609,2026-06-30,-181.33,BP MASCOT,VISA PURCHASE,
BT-000610,2026-06-30,-2275.94,RHEEM AUST PTY LTD,DIRECT DEBIT,
BT-000611,2026-07-01,-996.73,RHEEM AUSTRALIA PTY,DIRECT DEBIT,
BT-000612,2026-07-02,835.00,GRACE LEE,BPAY,5 FISHER RD
BT-000613,2026-07-02,220.00,MS S KING,BPAY,TAP REPAIR MOSMAN
BT-000614,2026-07-02,-1946.81,PAY - J OCONNOR,PAYROLL,WAGES
BT-000615,2026-07-02,-1773.26,PAY - M TRAN,PAYROLL,WAGES
BT-000616,2026-07-02,-1652.43,PAY - S PATEL,PAYROLL,WAGES
BT-000617,2026-07-02,555.00,THE DAILY GRIND CAFE P,DIRECT CREDIT,BLOCKED DRAIN
BT-000618,2026-07-03,618.05,SEAN WHITE,OSKO PAYMENT,PLUMBING
BT-000619,2026-07-03,-189.00,TELSTRA,DIRECT DEBIT,
BT-000620,2026-07-03,-642.50,TOYOTA FINANCE,DIRECT DEBIT,VEHICLE LEASE
BT-000621,2026-07-05,570.00,MITCHELL E,TRANSFER FROM,PLUMBER
BT-000622,2026-07-05,555.00,MR H SINGH,TRANSFER FROM,PLUMBER
BT-000623,2026-07-05,10000.00,TRANSFER FROM SAVINGS,INTERNAL TRANSFER,
BT-000624,2026-07-06,-11.76,BUNNINGS 703000 ROZELLE,VISA PURCHASE,
BT-000625,2026-07-06,434.06,CAMPBELL N,OSKO PAYMENT,INVOICE
BT-000626,2026-07-06,505.00,THOMPSON M,OSKO PAYMENT,THOMPSON CHATSWOOD
BT-000627,2026-07-07,-187.42,AMPOL ALEXANDRIA,VISA PURCHASE,
BT-000628,2026-07-07,-33.31,BUNNINGS 742000 ALEXANDRIA,VISA PURCHASE,
BT-000629,2026-07-07,778.50,H & T CAMPBELL,BPAY,CAMPBELL
BT-000630,2026-07-07,2640.00,MR E WANG,TRANSFER FROM,DEE WHY
BT-000631,2026-07-07,-3721.34,REECE TRADE ACC,DIRECT DEBIT,STATEMENT
BT-000632,2026-07-08,-214.00,AAMI INSURANCE,DIRECT DEBIT,
BT-000633,2026-07-08,510.00,LITTLE SPROUTS CHILDCA,BPAY,rozelle plumbing
BT-000634,2026-07-08,3440.00,MS J NGUYEN,OSKO PAYMENT,PLUMBER
BT-000635,2026-07-08,-70.00,XERO AUSTRALIA,DIRECT DEBIT,
BT-000636,2026-07-09,-2149.11,PAY - J OCONNOR,PAYROLL,WAGES
BT-000637,2026-07-09,-1873.28,PAY - M TRAN,PAYROLL,WAGES
BT-000638,2026-07-09,-1728.48,PAY - S PATEL,PAYROLL,WAGES
BT-000639,2026-07-11,-65.68,BUNNINGS 742000 ALEXANDRIA,VISA PURCHASE,
BT-000640,2026-07-11,-1365.17,RHEEM AUSTRALIA PTY,DIRECT DEBIT,
BT-000641,2026-07-12,2300.00,MANLY STRATA MANAGEMEN,BPAY,MANLY MANLY
BT-000642,2026-07-12,383.40,MR L LE,BPAY,2 ST THOMAS ST
BT-000643,2026-07-12,835.00,MR S ANDERSON,OSKO PAYMENT,
BT-000644,2026-07-13,-6.98,BUNNINGS 703000 ROZELLE,VISA PURCHASE,
BT-000645,2026-07-13,-55.60,BUNNINGS 742000 ALEXANDRIA,VISA PURCHASE,
BT-000646,2026-07-13,630.00,HARBOUR REALTY KENSING,DIRECT CREDIT,kensington plumbing
BT-000647,2026-07-13,385.00,S CHEN,TRANSFER FROM,CHEN CHATSWOOD
BT-000648,2026-07-14,-112.43,BP MASCOT,VISA PURCHASE,
BT-000649,2026-07-14,-44.62,BUNNINGS 703000 ROZELLE,VISA PURCHASE,
BT-000650,2026-07-14,-55.04,BUNNINGS 703000 ROZELLE,VISA PURCHASE,
BT-000651,2026-07-14,270.00,KENSINGTON STRATA MANA,DIRECT CREDIT,DRAIN KENSINGTON
BT-000652,2026-07-14,-1294.18,TRADELINK PTY LTD,DIRECT DEBIT,STATEMENT
BT-000653,2026-07-15,980.00,MARTIN S,DIRECT CREDIT,MARTIN
BT-000654,2026-07-16,-61.75,BUNNINGS 742000 ALEXANDRIA,VISA PURCHASE,
BT-000655,2026-07-16,165.00,HUGHES E,BPAY,chatswood plumbing
BT-000656,2026-07-16,-1698.75,PAY - J OCONNOR,PAYROLL,WAGES
BT-000657,2026-07-16,-1997.97,PAY - M TRAN,PAYROLL,WAGES
BT-000658,2026-07-16,-1888.41,PAY - S PATEL,PAYROLL,WAGES
BT-000659,2026-07-17,-29.09,BUNNINGS 765000 RANDWICK,VISA PURCHASE,
BT-000660,2026-07-17,2200.00,KELLY AND CO ACCOUNTAN,DIRECT CREDIT,
BT-000661,2026-07-17,-2156.94,RHEEM AUSTRALIA PTY,DIRECT DEBIT,
BT-000662,2026-07-18,395.00,ANNANDALE STRATA MANAG,OSKO PAYMENT,ANNANDALE
BT-000663,2026-07-18,499.99,MINH RYAN,BPAY,GAS COOKTOP MARRICKVILLE
BT-000664,2026-07-19,1335.00,ETHAN MITCHELL,DIRECT CREDIT,MITCHELL
BT-000665,2026-07-19,788.21,L RYAN,TRANSFER FROM,
BT-000666,2026-07-19,-1408.96,RHEEM AUST PTY LTD,DIRECT DEBIT,
BT-000667,2026-07-20,-17.70,BUNNINGS 703000 ROZELLE,VISA PURCHASE,
BT-000668,2026-07-20,-23.01,BUNNINGS 765000 RANDWICK,VISA PURCHASE,
BT-000669,2026-07-20,165.00,LITTLE SPROUTS CHILDCA,BPAY,LITTLE
BT-000670,2026-07-21,-106.40,BP MASCOT,VISA PURCHASE,
BT-000671,2026-07-21,500.00,COASTLINE PROPERTY MAN,BPAY,COASTLINE
BT-000672,2026-07-21,-4457.72,REECE PTY LTD DD,DIRECT DEBIT,STATEMENT
BT-000673,2026-07-22,232.65,L WILSON,BPAY,GLEBE
BT-000674,2026-07-22,165.00,MITCHELL T,TRANSFER FROM,
BT-000675,2026-07-23,-7.20,BUNNINGS 765000 RANDWICK,VISA PURCHASE,
BT-000676,2026-07-23,-1731.08,PAY - J OCONNOR,PAYROLL,WAGES
BT-000677,2026-07-23,-1769.68,PAY - M TRAN,PAYROLL,WAGES
BT-000678,2026-07-23,-2027.75,PAY - S PATEL,PAYROLL,WAGES
BT-000679,2026-07-25,425.00,G HARRIS,BPAY,DRAIN
BT-000680,2026-07-25,740.00,G MITCHELL,BPAY,
BT-000681,2026-07-25,590.00,HARRIS L,DIRECT CREDIT,HARRIS LEICHHARDT
BT-000682,2026-07-25,3735.00,MS N WILSON,DIRECT CREDIT,GUTTERS
BT-000683,2026-07-26,-13676.00,ATO,BPAY,BAS
BT-000684,2026-07-27,-47.18,BUNNINGS 742000 ALEXANDRIA,VISA PURCHASE,
BT-000685,2026-07-28,-203.12,BP MASCOT,VISA PURCHASE,
BT-000686,2026-07-28,-47.06,BUNNINGS 703000 ROZELLE,VISA PURCHASE,
BT-000687,2026-07-28,-54.93,BUNNINGS 742000 ALEXANDRIA,VISA PURCHASE,
BT-000688,2026-07-28,-50.36,BUNNINGS 765000 RANDWICK,VISA PURCHASE,
BT-000689,2026-07-28,-10.00,MONTHLY ACCOUNT FEE,FEE,
BT-000690,2026-07-28,635.00,MS K WILLIAMS,BPAY,PLUMBING
BT-000691,2026-07-29,850.00,H & T CAMPBELL,BPAY,
BT-000692,2026-07-29,500.00,WILLIAMS E,DIRECT CREDIT,WILLIAMS PADDINGTON
BT-000693,2026-07-30,-1676.69,PAY - J OCONNOR,PAYROLL,WAGES
BT-000694,2026-07-30,-1854.40,PAY - M TRAN,PAYROLL,WAGES
BT-000695,2026-07-30,-1925.36,PAY - S PATEL,PAYROLL,WAGES
BT-000696,2026-07-30,8945.00,S PAPADOPOULOS,BPAY,kensington plumbing
BT-000697,2026-07-31,445.00,HARBOUR REALTY KENSING,TRANSFER FROM,HARBOUR KENSINGTON
BT-000698,2026-07-31,2125.00,MAROUBRA STRATA MANAGE,OSKO PAYMENT,maroubra plumbing
BT-000699,2026-07-31,195.00,PAPADOPOULOS A,DIRECT CREDIT,
BT-000700,2026-08-01,540.00,A CHEN,BPAY,rozelle plumbing
BT-000701,2026-08-02,165.00,COASTLINE PROP MGMT,OSKO PAYMENT,76 MILITARY RD
BT-000702,2026-08-02,165.00,SINGH N,TRANSFER FROM,CALLOUT
BT-000703,2026-08-02,10000.00,TRANSFER FROM SAVINGS,INTERNAL TRANSFER,
BT-000704,2026-08-02,270.00,WILSON L,DIRECT CREDIT,glebe plumbing
BT-000705,2026-08-03,-189.00,TELSTRA,DIRECT DEBIT,
BT-000706,2026-08-03,-642.50,TOYOTA FINANCE,DIRECT DEBIT,VEHICLE LEASE
BT-000707,2026-08-04,-107.51,BP MASCOT,VISA PURCHASE,
BT-000708,2026-08-04,-25.79,BUNNINGS 765000 RANDWICK,VISA PURCHASE,
BT-000709,2026-08-05,-77.74,BUNNINGS 765000 RANDWICK,VISA PURCHASE,
BT-000710,2026-08-05,-1832.30,REECE PTY LTD DD,DIRECT DEBIT,STATEMENT
BT-000711,2026-08-06,-39.99,BUNNINGS 703000 ROZELLE,VISA PURCHASE,
BT-000712,2026-08-06,-40.96,BUNNINGS 703000 ROZELLE,VISA PURCHASE,
BT-000713,2026-08-06,-1868.93,PAY - J OCONNOR,PAYROLL,WAGES
BT-000714,2026-08-06,-1760.34,PAY - M TRAN,PAYROLL,WAGES
BT-000715,2026-08-06,-1771.32,PAY - S PATEL,PAYROLL,WAGES
BT-000716,2026-08-07,-44.60,BUNNINGS 765000 RANDWICK,VISA PURCHASE,
BT-000717,2026-08-07,700.00,MS I HARRIS,OSKO PAYMENT,NEWTOWN
BT-000718,2026-08-07,2275.00,SOPHIE MARTIN,DIRECT CREDIT,PLUMBER
BT-000719,2026-08-08,-214.00,AAMI INSURANCE,DIRECT DEBIT,
BT-000720,2026-08-08,635.00,MR K WILSON,BPAY,MANLY
BT-000721,2026-08-08,2375.00,PATEL W,TRANSFER FROM,PLUMBING
BT-000722,2026-08-08,770.00,TRAN G,DIRECT CREDIT,ROZELLE
BT-000723,2026-08-08,-70.00,XERO AUSTRALIA,DIRECT DEBIT,
BT-000724,2026-08-09,-24.52,BUNNINGS 765000 RANDWICK,VISA PURCHASE,
BT-000725,2026-08-09,1998.21,CAMPBELL H,OSKO PAYMENT,GUTTERS MANLY
BT-000726,2026-08-10,-63.22,BUNNINGS 742000 ALEXANDRIA,VISA PURCHASE,
BT-000727,2026-08-10,-1313.34,RHEEM AUST PTY LTD,DIRECT DEBIT,
BT-000728,2026-08-11,-173.50,AMPOL ALEXANDRIA,VISA PURCHASE,
BT-000729,2026-08-11,-48.46,BUNNINGS 703000 ROZELLE,VISA PURCHASE,
BT-000730,2026-08-11,201.36,REECE PTY LTD,DIRECT CREDIT,REFUND
BT-000731,2026-08-12,637.86,SOFIA PAPADOPOULOS,TRANSFER FROM,33 ANZAC PDE
BT-000732,2026-08-12,3345.00,WHITE J,BPAY,GUTTER
BT-000733,2026-08-13,415.00,COASTLINE PROP MGMT,DIRECT CREDIT,BRONTE
BT-000734,2026-08-13,375.00,OBRIEN W,BPAY,
BT-000735,2026-08-13,-2128.31,PAY - J OCONNOR,PAYROLL,WAGES
BT-000736,2026-08-13,-1772.91,PAY - M TRAN,PAYROLL,WAGES
BT-000737,2026-08-13,-1972.86,PAY - S PATEL,PAYROLL,WAGES
BT-000738,2026-08-13,-2072.76,TRADELINK PTY LTD,DIRECT DEBIT,STATEMENT
BT-000739,2026-08-14,-17.41,BUNNINGS 703000 ROZELLE,VISA PURCHASE,
BT-000740,2026-08-14,-21.17,BUNNINGS 742000 ALEXANDRIA,VISA PURCHASE,
BT-000741,2026-08-14,-27.03,BUNNINGS 742000 ALEXANDRIA,VISA PURCHASE,
BT-000742,2026-08-14,165.00,WILLIAMS S,TRANSFER FROM,WILLIAMS
BT-000743,2026-08-15,314.95,K BROWN,DIRECT CREDIT,
BT-000744,2026-08-15,-1822.88,RHEEM AUST PTY LTD,DIRECT DEBIT,
BT-000745,2026-08-15,630.00,TAYLOR D,BPAY,
BT-000746,2026-08-16,-25.97,BUNNINGS 742000 ALEXANDRIA,VISA PURCHASE,
BT-000747,2026-08-18,-137.13,BP MASCOT,VISA PURCHASE,
BT-000748,2026-08-18,280.00,S WILLIAMS,OSKO PAYMENT,PLUMBING
BT-000749,2026-08-19,235.00,AOIFE PATEL,TRANSFER FROM,PLUMBER
BT-000750,2026-08-19,243.50,BROWN M,TRANSFER FROM,BROWN
BT-000751,2026-08-19,-33.42,BUNNINGS 703000 ROZELLE,VISA PURCHASE,
BT-000752,2026-08-19,740.00,MS C ROBINSON,BPAY,BALMAIN
BT-000753,2026-08-20,-8.95,BUNNINGS 703000 ROZELLE,VISA PURCHASE,
BT-000754,2026-08-20,300.00,JAMES ANDERSON,TRANSFER FROM,ANDERSON
BT-000755,2026-08-20,-2074.89,PAY - J OCONNOR,PAYROLL,WAGES
BT-000756,2026-08-20,-2046.66,PAY - M TRAN,PAYROLL,WAGES
BT-000757,2026-08-20,-1976.15,PAY - S PATEL,PAYROLL,WAGES
BT-000758,2026-08-20,5000.00,TRANSFER FROM SAVINGS,INTERNAL TRANSFER,
BT-000759,2026-08-20,500.00,WILLIAM CAMPBELL,OSKO PAYMENT,randwick plumbing
BT-000760,2026-08-22,-3128.71,REECE PTY LTD,DIRECT DEBIT,STATEMENT
BT-000761,2026-08-22,259.24,WHITE AND CO ACCOUNTAN,DIRECT CREDIT,WHITE
BT-000762,2026-08-23,315.00,T CAMPBELL,OSKO PAYMENT,CAMPBELL MANLY
BT-000763,2026-08-24,335.00,W CAMPBELL,OSKO PAYMENT,CAMPBELL
BT-000764,2026-08-25,-96.58,AMPOL ALEXANDRIA,VISA PURCHASE,
BT-000765,2026-08-25,275.00,ANDERSON J,BPAY,
BT-000766,2026-08-26,615.00,HARBOUR REALTY PADDING,DIRECT CREDIT,166 UNDERWOOD ST
BT-000767,2026-08-27,670.00,BROWN M,DIRECT CREDIT,83 MACPHERSON ST
BT-000768,2026-08-27,-1737.13,PAY - J OCONNOR,PAYROLL,WAGES
BT-000769,2026-08-27,-1792.95,PAY - M TRAN,PAYROLL,WAGES
BT-000770,2026-08-27,-1831.23,PAY - S PATEL,PAYROLL,WAGES
BT-000771,2026-08-28,-10.00,MONTHLY ACCOUNT FEE,FEE,
BT-000772,2026-08-28,540.43,MR L WHITE,OSKO PAYMENT,WHITE
BT-000773,2026-08-29,-1678.29,RHEEM AUSTRALIA PTY,DIRECT DEBIT,
BT-000774,2026-08-30,245.00,LITTLE SPROUTS CHILDCA,DIRECT CREDIT,
BT-000775,2026-09-01,-110.19,BP MASCOT,VISA PURCHASE,
BT-000776,2026-09-01,-76.25,BUNNINGS 742000 ALEXANDRIA,VISA PURCHASE,
BT-000777,2026-09-01,445.00,MR O WALKER,TRANSFER FROM,BALMAIN
BT-000778,2026-09-01,290.00,MS M KING,TRANSFER FROM,GAS
BT-000779,2026-09-02,1195.00,C TAYLOR,BPAY,PIPE
BT-000780,2026-09-03,352.17,MR M MARTIN,TRANSFER FROM,NEWTOWN
BT-000781,2026-09-03,-1940.59,PAY - J OCONNOR,PAYROLL,WAGES
BT-000782,2026-09-03,-2084.58,PAY - M TRAN,PAYROLL,WAGES
BT-000783,2026-09-03,-1782.08,PAY - S PATEL,PAYROLL,WAGES
BT-000784,2026-09-03,-189.00,TELSTRA,DIRECT DEBIT,
BT-000785,2026-09-03,-642.50,TOYOTA FINANCE,DIRECT DEBIT,VEHICLE LEASE
BT-000786,2026-09-04,1635.00,I HARRIS,OSKO PAYMENT,INVOICE
BT-000787,2026-09-05,390.00,A WALKER,TRANSFER FROM,WALKER CHATSWOOD
BT-000788,2026-09-06,-2465.92,REECE PTY LTD,DIRECT DEBIT,STATEMENT
BT-000789,2026-09-07,-35.53,BUNNINGS 703000 ROZELLE,VISA PURCHASE,
BT-000790,2026-09-07,1035.00,D NGUYEN,BPAY,PLUMBING
BT-000791,2026-09-07,3860.00,SINGH G,DIRECT CREDIT,
BT-000792,2026-09-08,-214.00,AAMI INSURANCE,DIRECT DEBIT,
BT-000793,2026-09-08,-90.50,BP MASCOT,VISA PURCHASE,
BT-000794,2026-09-08,-70.00,XERO AUSTRALIA,DIRECT DEBIT,
BT-000795,2026-09-10,-1950.64,PAY - J OCONNOR,PAYROLL,WAGES
BT-000796,2026-09-10,-1993.59,PAY - M TRAN,PAYROLL,WAGES
BT-000797,2026-09-10,-1839.44,PAY - S PATEL,PAYROLL,WAGES
BT-000798,2026-09-13,-39.20,BUNNINGS 765000 RANDWICK,VISA PURCHASE,
BT-000799,2026-09-13,290.00,C & E ROSSI,TRANSFER FROM,ROSSI BONDI
BT-000800,2026-09-14,-42.22,BUNNINGS 742000 ALEXANDRIA,VISA PURCHASE,
BT-000801,2026-09-15,-139.67,AMPOL ALEXANDRIA,VISA PURCHASE,
BT-000802,2026-09-15,-11.40,BUNNINGS 703000 ROZELLE,VISA PURCHASE,
BT-000803,2026-09-15,-1397.55,TRADELINK PTY LTD,DIRECT DEBIT,STATEMENT
BT-000804,2026-09-16,-42.65,BUNNINGS 742000 ALEXANDRIA,VISA PURCHASE,
BT-000805,2026-09-16,645.00,ROSSI PROPERTY GROUP,DIRECT CREDIT,
BT-000806,2026-09-17,635.00,L NGUYEN,TRANSFER FROM,NGUYEN
BT-000807,2026-09-17,-1905.98,PAY - J OCONNOR,PAYROLL,WAGES
BT-000808,2026-09-17,-1826.71,PAY - M TRAN,PAYROLL,WAGES
BT-000809,2026-09-17,-1755.15,PAY - S PATEL,PAYROLL,WAGES
BT-000810,2026-09-18,434.00,CHARLOTTE ANDERSON,TRANSFER FROM,INVOICE
BT-000811,2026-09-19,230.00,MITCHELL G,DIRECT CREDIT,NEWTOWN
BT-000812,2026-09-19,435.00,MS K CHEN,DIRECT CREDIT,CHEN BRONTE
BT-000813,2026-09-20,-29.02,BUNNINGS 765000 RANDWICK,VISA PURCHASE,
BT-000814,2026-09-20,165.00,MR G MITCHELL,DIRECT CREDIT,INVOICE
BT-000815,2026-09-20,360.00,SOPHIE TRAN,OSKO PAYMENT,PLUMBER
BT-000816,2026-09-21,-16.84,BUNNINGS 765000 RANDWICK,VISA PURCHASE,
BT-000817,2026-09-22,-133.85,BP MASCOT,VISA PURCHASE,
BT-000818,2026-09-22,-2325.58,REECE PTY LTD,DIRECT DEBIT,STATEMENT
BT-000819,2026-09-22,1080.00,SEAN PAPADOPOULOS,TRANSFER FROM,INVOICE
BT-000820,2026-09-23,725.00,LITTLE SPROUTS CHILDCA,DIRECT CREDIT,
BT-000821,2026-09-23,676.07,MS O OBRIEN,DIRECT CREDIT,OBRIEN
BT-000822,2026-09-24,2120.00,E & L WILSON,DIRECT CREDIT,marrickville plumbing
BT-000823,2026-09-24,165.00,NGUYEN M,OSKO PAYMENT,INSPECTION
BT-000824,2026-09-24,-1853.30,PAY - J OCONNOR,PAYROLL,WAGES
BT-000825,2026-09-24,-2139.16,PAY - M TRAN,PAYROLL,WAGES
BT-000826,2026-09-24,-1914.57,PAY - S PATEL,PAYROLL,WAGES
BT-000827,2026-09-26,-58.89,BUNNINGS 703000 ROZELLE,VISA PURCHASE,
BT-000828,2026-09-27,630.00,COASTLINE PROP MGMT,BPAY,MANLY
BT-000829,2026-09-28,900.00,MIA AND GRACE WILSON,DIRECT CREDIT,
BT-000830,2026-09-28,-10.00,MONTHLY ACCOUNT FEE,FEE,
BT-000831,2026-09-29,-176.82,AMPOL ALEXANDRIA,VISA PURCHASE,
BT-000832,2026-09-29,715.00,ROBINSON C,TRANSFER FROM,
BT-000833,2026-09-30,-6.54,BUNNINGS 703000 ROZELLE,VISA PURCHASE,
BT-000834,2026-09-30,-1232.51,RHEEM AUST PTY LTD,DIRECT DEBIT,
BT-000835,2026-09-30,5000.00,TRANSFER FROM SAVINGS,INTERNAL TRANSFER,
BT-000836,2026-10-01,3130.00,DANIEL LEE,BPAY,BATHROOM RENO PADDINGTON
BT-000837,2026-10-01,-2101.96,PAY - J OCONNOR,PAYROLL,WAGES
BT-000838,2026-10-01,-2012.98,PAY - M TRAN,PAYROLL,WAGES
BT-000839,2026-10-01,-1925.07,PAY - S PATEL,PAYROLL,WAGES
BT-000840,2026-10-01,93.37,REECE PTY LTD,DIRECT CREDIT,REFUND
BT-000841,2026-10-02,-71.92,BUNNINGS 765000 RANDWICK,VISA PURCHASE,
BT-000842,2026-10-02,4937.02,EMILY AND LIAM WILSON,BPAY,
BT-000843,2026-10-02,9010.00,GIOVANNI SINGH,BPAY,119 ARCHER ST
BT-000844,2026-10-03,899.53,BROWN E,DIRECT CREDIT,PLUMBING
BT-000845,2026-10-03,205.00,ISLA THOMPSON,TRANSFER FROM,TAP REPAIR
BT-000846,2026-10-03,-189.00,TELSTRA,DIRECT DEBIT,
BT-000847,2026-10-03,-642.50,TOYOTA FINANCE,DIRECT DEBIT,VEHICLE LEASE
BT-000848,2026-10-05,-57.81,BUNNINGS 703000 ROZELLE,VISA PURCHASE,
BT-000849,2026-10-05,830.00,MS M JOHNSON,TRANSFER FROM,JOHNSON
BT-000850,2026-10-06,-188.56,BP MASCOT,VISA PURCHASE,
BT-000851,2026-10-06,-40.35,BUNNINGS 703000 ROZELLE,VISA PURCHASE,
BT-000852,2026-10-06,-40.25,BUNNINGS 742000 ALEXANDRIA,VISA PURCHASE,
BT-000853,2026-10-06,165.00,CHEN AND CO ACCOUNTANT,BPAY,INVOICE
BT-000854,2026-10-06,490.00,WANG L,DIRECT CREDIT,leichhardt plumbing
BT-000855,2026-10-07,-1791.14,REECE PTY LTD,DIRECT DEBIT,STATEMENT
BT-000856,2026-10-08,-214.00,AAMI INSURANCE,DIRECT DEBIT,
BT-000857,2026-10-08,-38.08,BUNNINGS 703000 ROZELLE,VISA PURCHASE,
BT-000858,2026-10-08,-32.36,BUNNINGS 765000 RANDWICK,VISA PURCHASE,
BT-000859,2026-10-08,770.00,CHLOE MURPHY,OSKO PAYMENT,balmain plumbing
BT-000860,2026-10-08,165.00,HARBOUR REALTY MAROUBR,TRANSFER FROM,CALLOUT
BT-000861,2026-10-08,445.00,HARBOUR REALTY ROZELLE,BPAY,111 VICTORIA RD
BT-000862,2026-10-08,3354.00,JACK WANG,DIRECT CREDIT,MAROUBRA
BT-000863,2026-10-08,165.00,MR E BROWN,BPAY,
BT-000864,2026-10-08,-1680.01,PAY - J OCONNOR,PAYROLL,WAGES
BT-000865,2026-10-08,-1870.29,PAY - M TRAN,PAYROLL,WAGES
BT-000866,2026-10-08,-1883.88,PAY - S PATEL,PAYROLL,WAGES
BT-000867,2026-10-08,-70.00,XERO AUSTRALIA,DIRECT DEBIT,
BT-000868,2026-10-09,220.00,MR J NGUYEN,OSKO PAYMENT,DRAIN MARRICKVILLE
BT-000869,2026-10-09,235.00,SOPHIE TRAN,OSKO PAYMENT,PLUMBER
BT-000870,2026-10-11,-9.66,BUNNINGS 742000 ALEXANDRIA,VISA PURCHASE,
BT-000871,2026-10-11,968.19,MR M KELLY,DIRECT CREDIT,COOKTOP BRONTE
BT-000872,2026-10-11,862.86,PRIYA ROSSI,DIRECT CREDIT,BALMAIN
BT-000873,2026-10-12,-23.16,BUNNINGS 703000 ROZELLE,VISA PURCHASE,
BT-000874,2026-10-12,-70.64,BUNNINGS 703000 ROZELLE,VISA PURCHASE,
BT-000875,2026-10-12,785.00,W SINGH,DIRECT CREDIT,surry hills plumbing
BT-000876,2026-10-13,-97.18,AMPOL ALEXANDRIA,VISA PURCHASE,
BT-000877,2026-10-13,-11.84,BUNNINGS 703000 ROZELLE,VISA PURCHASE,
BT-000878,2026-10-13,815.00,KELLY P,DIRECT CREDIT,KELLY MANLY
BT-000879,2026-10-13,3095.00,PRIYA AND WEI MURPHY,DIRECT CREDIT,147 VICTORIA AVE
BT-000880,2026-10-14,772.35,COASTLINE PROP MGMT,TRANSFER FROM,ROZELLE COOKTOP
BT-000881,2026-10-14,-1468.27,TRADELINK PTY LTD,DIRECT DEBIT,STATEMENT
BT-000882,2026-10-15,-2009.50,PAY - J OCONNOR,PAYROLL,WAGES
BT-000883,2026-10-15,-1939.19,PAY - M TRAN,PAYROLL,WAGES
BT-000884,2026-10-15,-2120.83,PAY - S PATEL,PAYROLL,WAGES
BT-000885,2026-10-16,7310.00,DANIEL LEE,OSKO PAYMENT,PLUMBER
BT-000886,2026-10-16,460.00,HARBOUR REALTY NEWTOWN,OSKO PAYMENT,GAS LEAK NEWTOWN
BT-000887,2026-10-17,168.55,E TAYLOR,TRANSFER FROM,
BT-000888,2026-10-17,1023.08,WILLIAM WALKER,OSKO PAYMENT,COOGEE
BT-000889,2026-10-18,-22.53,BUNNINGS 742000 ALEXANDRIA,VISA PURCHASE,
BT-000890,2026-10-19,-25.82,BUNNINGS 765000 RANDWICK,VISA PURCHASE,
BT-000891,2026-10-20,-124.25,AMPOL ALEXANDRIA,VISA PURCHASE,
BT-000892,2026-10-20,570.00,M LE,DIRECT CREDIT,PLUMBING
BT-000893,2026-10-21,260.00,MS I HARRIS,TRANSFER FROM,PLUMBER
BT-000894,2026-10-22,845.00,MR G MITCHELL,TRANSFER FROM,BURST PIPE
BT-000895,2026-10-22,-2042.11,PAY - J OCONNOR,PAYROLL,WAGES
BT-000896,2026-10-22,-2001.85,PAY - M TRAN,PAYROLL,WAGES
BT-000897,2026-10-22,-2139.17,PAY - S PATEL,PAYROLL,WAGES
BT-000898,2026-10-22,-3375.72,REECE PTY LTD,DIRECT DEBIT,STATEMENT
BT-000899,2026-10-22,225.00,SOPHIE AND PRIYA PAPAD,OSKO PAYMENT,PLUMBER
BT-000900,2026-10-23,1620.00,MR L WILSON,OSKO PAYMENT,
BT-000901,2026-10-23,165.00,W CAMPBELL,BPAY,INSPECTION
BT-000902,2026-10-24,-18.41,BUNNINGS 765000 RANDWICK,VISA PURCHASE,
BT-000903,2026-10-24,2400.00,W ROBINSON,TRANSFER FROM,
BT-000904,2026-10-26,-13133.29,ATO,BPAY,BAS
BT-000905,2026-10-26,220.00,MURPHY C,OSKO PAYMENT,balmain plumbing
BT-000906,2026-10-26,565.00,RYAN K,TRANSFER FROM,TOILET
BT-000907,2026-10-27,-157.47,BP MASCOT,VISA PURCHASE,
BT-000908,2026-10-28,-9.88,BUNNINGS 765000 RANDWICK,VISA PURCHASE,
BT-000909,2026-10-28,-10.00,MONTHLY ACCOUNT FEE,FEE,
BT-000910,2026-10-28,540.00,WANG D,TRANSFER FROM,PIPE
BT-000911,2026-10-29,1950.00,JOHNSON M,BPAY,HWS MOSMAN
BT-000912,2026-10-29,850.00,MS J OBRIEN,TRANSFER FROM,GAS LEAK
BT-000913,2026-10-29,-1650.06,PAY - J OCONNOR,PAYROLL,WAGES
BT-000914,2026-10-29,-1929.90,PAY - M TRAN,PAYROLL,WAGES
BT-000915,2026-10-29,-2106.37,PAY - S PATEL,PAYROLL,WAGES
BT-000916,2026-10-30,3765.00,MR L WILSON,OSKO PAYMENT,glebe plumbing
BT-000917,2026-10-31,990.00,TRAN O,OSKO PAYMENT,116 AVOCA ST
BT-000918,2026-11-01,-8.34,BUNNINGS 742000 ALEXANDRIA,VISA PURCHASE,
BT-000919,2026-11-02,2605.00,K & A KELLY,OSKO PAYMENT,PLUMBING
BT-000920,2026-11-03,-115.71,AMPOL ALEXANDRIA,VISA PURCHASE,
BT-000921,2026-11-03,190.00,PRIYA MURPHY,BPAY,
BT-000922,2026-11-03,-189.00,TELSTRA,DIRECT DEBIT,
BT-000923,2026-11-03,-642.50,TOYOTA FINANCE,DIRECT DEBIT,VEHICLE LEASE
BT-000924,2026-11-04,-18.59,BUNNINGS 742000 ALEXANDRIA,VISA PURCHASE,
BT-000925,2026-11-04,1070.00,C MURPHY,TRANSFER FROM,balmain plumbing
BT-000926,2026-11-05,-1736.91,PAY - J OCONNOR,PAYROLL,WAGES
BT-000927,2026-11-05,-1843.33,PAY - M TRAN,PAYROLL,WAGES
BT-000928,2026-11-05,-1952.02,PAY - S PATEL,PAYROLL,WAGES
BT-000929,2026-11-06,-39.75,BUNNINGS 765000 RANDWICK,VISA PURCHASE,
BT-000930,2026-11-06,-900.96,REECE PTY LTD DD,DIRECT DEBIT,STATEMENT
BT-000931,2026-11-06,165.00,S SINGH,BPAY,COOGEE
BT-000932,2026-11-08,-214.00,AAMI INSURANCE,DIRECT DEBIT,
BT-000933,2026-11-08,585.00,BRONTE PHYSIOTHERAPY P,OSKO PAYMENT,INVOICE
BT-000934,2026-11-08,705.00,HARBOUR REALTY RANDWIC,DIRECT CREDIT,HARBOUR RANDWICK
BT-000935,2026-11-08,2304.73,MS O TRAN,OSKO PAYMENT,randwick plumbing
BT-000936,2026-11-08,-70.00,XERO AUSTRALIA,DIRECT DEBIT,
BT-000937,2026-11-09,-34.76,BUNNINGS 703000 ROZELLE,VISA PURCHASE,
BT-000938,2026-11-09,-13.67,BUNNINGS 765000 RANDWICK,VISA PURCHASE,
BT-000939,2026-11-09,-28.10,BUNNINGS 765000 RANDWICK,VISA PURCHASE,
BT-000940,2026-11-09,-1151.91,RHEEM AUSTRALIA PTY,DIRECT DEBIT,
BT-000941,2026-11-10,-160.74,AMPOL ALEXANDRIA,VISA PURCHASE,
BT-000942,2026-11-10,285.00,HARBOUR REALTY LEICHHA,BPAY,LEICHHARDT
BT-000943,2026-11-10,606.03,HARBOUR REALTY MOSMAN,OSKO PAYMENT,MOSMAN
BT-000944,2026-11-10,785.00,HUGHES A,OSKO PAYMENT,PIPE COOGEE
BT-000945,2026-11-11,405.00,COASTLINE PROP MGMT,OSKO PAYMENT,100 WYCOMBE RD
BT-000946,2026-11-11,490.00,E OBRIEN,BPAY,INVOICE
BT-000947,2026-11-12,-1762.31,PAY - J OCONNOR,PAYROLL,WAGES
BT-000948,2026-11-12,-1895.45,PAY - M TRAN,PAYROLL,WAGES
BT-000949,2026-11-12,-1673.02,PAY - S PATEL,PAYROLL,WAGES
BT-000950,2026-11-12,-1514.21,RHEEM AUSTRALIA PTY,DIRECT DEBIT,
BT-000951,2026-11-13,-1732.63,TRADELINK PLUMBING SUPP,DIRECT DEBIT,STATEMENT
BT-000952,2026-11-14,295.00,M WHITE,OSKO PAYMENT,WHITE
BT-000953,2026-11-15,175.00,COASTLINE PROPERTY MAN,OSKO PAYMENT,TAP REPAIR
BT-000954,2026-11-15,550.00,MINH ROSSI,BPAY,PLUMBER
BT-000955,2026-11-17,-133.60,BP MASCOT,VISA PURCHASE,
BT-000956,2026-11-17,-28.24,BUNNINGS 742000 ALEXANDRIA,VISA PURCHASE,
BT-000957,2026-11-18,-6.51,BUNNINGS 703000 ROZELLE,VISA PURCHASE,
BT-000958,2026-11-18,-26.81,BUNNINGS 742000 ALEXANDRIA,VISA PURCHASE,
BT-000959,2026-11-19,-2021.78,PAY - J OCONNOR,PAYROLL,WAGES
BT-000960,2026-11-19,-1791.28,PAY - M TRAN,PAYROLL,WAGES
BT-000961,2026-11-19,-1944.29,PAY - S PATEL,PAYROLL,WAGES
BT-000962,2026-11-20,388.29,MS L WHITE,OSKO PAYMENT,NEWTOWN
BT-000963,2026-11-20,-1273.75,RHEEM AUSTRALIA PTY,DIRECT DEBIT,
BT-000964,2026-11-21,-2205.52,REECE PTY LTD DD,DIRECT DEBIT,STATEMENT
BT-000965,2026-11-22,-10.99,BUNNINGS 742000 ALEXANDRIA,VISA PURCHASE,
BT-000966,2026-11-22,3405.00,MR J TAYLOR,TRANSFER FROM,maroubra plumbing
BT-000967,2026-11-22,965.00,THE DAILY GRIND CAFE P,TRANSFER FROM,INVOICE
BT-000968,2026-11-22,821.31,WHITE AND CO ACCOUNTAN,OSKO PAYMENT,INVOICE
BT-000969,2026-11-23,274.95,C SINGH,TRANSFER FROM,81 TERRY ST
BT-000970,2026-11-23,-1064.23,RHEEM AUST PTY LTD,DIRECT DEBIT,
BT-000971,2026-11-23,165.00,SOPHIE PAPADOPOULOS,BPAY,PLUMBING
BT-000972,2026-11-24,-151.52,BP MASCOT,VISA PURCHASE,
BT-000973,2026-11-25,721.29,C MURPHY,TRANSFER FROM,balmain plumbing
BT-000974,2026-11-25,975.00,HARBOUR REALTY MARRICK,OSKO PAYMENT,MARRICKVILLE
BT-000975,2026-11-26,-1685.25,PAY - J OCONNOR,PAYROLL,WAGES
BT-000976,2026-11-26,-1800.56,PAY - M TRAN,PAYROLL,WAGES
BT-000977,2026-11-26,-2133.00,PAY - S PATEL,PAYROLL,WAGES
BT-000978,2026-11-26,165.00,THOMAS JOHNSON,BPAY,JOHNSON
BT-000979,2026-11-27,2965.00,HARBOUR REALTY CHATSWO,DIRECT CREDIT,CHATSWOOD GUTTERS
BT-000980,2026-11-27,-1329.32,RHEEM AUSTRALIA PTY,DIRECT DEBIT,
BT-000981,2026-11-28,-10.00,MONTHLY ACCOUNT FEE,FEE,
BT-000982,2026-11-29,169.00,KING P,DIRECT CREDIT,MOSMAN
BT-000983,2026-12-01,-127.97,AMPOL ALEXANDRIA,VISA PURCHASE,
BT-000984,2026-12-01,-2035.82,RHEEM AUSTRALIA PTY,DIRECT DEBIT,
BT-000985,2026-12-02,315.00,WHITE J,DIRECT CREDIT,136 ASHBURNER ST
BT-000986,2026-12-03,260.00,A SINGH,TRANSFER FROM,rozelle plumbing
BT-000987,2026-12-03,-74.26,BUNNINGS 742000 ALEXANDRIA,VISA PURCHASE,
BT-000988,2026-12-03,165.00,HARBOUR REALTY DEE WHY,TRANSFER FROM,171 FISHER RD
BT-000989,2026-12-03,-1698.60,PAY - J OCONNOR,PAYROLL,WAGES
BT-000990,2026-12-03,-1808.26,PAY - M TRAN,PAYROLL,WAGES
BT-000991,2026-12-03,-2003.24,PAY - S PATEL,PAYROLL,WAGES
BT-000992,2026-12-03,-189.00,TELSTRA,DIRECT DEBIT,
BT-000993,2026-12-03,-642.50,TOYOTA FINANCE,DIRECT DEBIT,VEHICLE LEASE
BT-000994,2026-12-04,164.95,RAJ WILSON,BPAY,
BT-000995,2026-12-05,240.00,MR T JOHNSON,DIRECT CREDIT,INVOICE
BT-000996,2026-12-05,-1459.52,RHEEM AUST PTY LTD,DIRECT DEBIT,
BT-000997,2026-12-06,660.00,MR A SINGH,DIRECT CREDIT,81 TERRY ST
BT-000998,2026-12-06,-1226.27,REECE TRADE ACC,DIRECT DEBIT,STATEMENT
BT-000999,2026-12-06,2175.00,TRAN AND CO ACCOUNTANT,TRANSFER FROM,PLUMBER
BT-001000,2026-12-07,300.00,J CLARKE,BPAY,CLARKE DEE WHY
BT-001001,2026-12-07,165.00,WHITE K,DIRECT CREDIT,INVOICE
BT-001002,2026-12-08,-214.00,AAMI INSURANCE,DIRECT DEBIT,
BT-001003,2026-12-08,-126.12,AMPOL ALEXANDRIA,VISA PURCHASE,
BT-001004,2026-12-08,-27.99,BUNNINGS 765000 RANDWICK,VISA PURCHASE,
BT-001005,2026-12-08,-30.02,BUNNINGS 765000 RANDWICK,VISA PURCHASE,
BT-001006,2026-12-08,-70.00,XERO AUSTRALIA,DIRECT DEBIT,
BT-001007,2026-12-10,-2008.30,PAY - J OCONNOR,PAYROLL,WAGES
BT-001008,2026-12-10,-1702.53,PAY - M TRAN,PAYROLL,WAGES
BT-001009,2026-12-10,-2133.48,PAY - S PATEL,PAYROLL,WAGES
BT-001010,2026-12-11,195.00,PATEL S,OSKO PAYMENT,PATEL ROZELLE
BT-001011,2026-12-12,334.11,MR A ANDERSON,BPAY,111 VICTORIA RD
BT-001012,2026-12-13,-54.84,BUNNINGS 742000 ALEXANDRIA,VISA PURCHASE,
BT-001013,2026-12-13,5000.00,TRANSFER FROM SAVINGS,INTERNAL TRANSFER,
BT-001014,2026-12-14,-232.76,TRADELINK PLUMBING SUPP,DIRECT DEBIT,STATEMENT
BT-001015,2026-12-14,165.00,TRAN L,BPAY,107 MACPHERSON ST
BT-001016,2026-12-15,-208.47,AMPOL ALEXANDRIA,VISA PURCHASE,
BT-001017,2026-12-15,-37.84,BUNNINGS 742000 ALEXANDRIA,VISA PURCHASE,
BT-001018,2026-12-15,289.00,HARBOUR REALTY SURRY H,DIRECT CREDIT,SURRY HILLS
BT-001019,2026-12-15,540.00,TRAN S,TRANSFER FROM,BLOCKED DRAIN
BT-001020,2026-12-16,-24.68,BUNNINGS 765000 RANDWICK,VISA PURCHASE,
BT-001021,2026-12-16,250.00,MEI JOHNSON,OSKO PAYMENT,JOHNSON
BT-001022,2026-12-16,275.00,W & E ROBINSON,OSKO PAYMENT,
BT-001023,2026-12-17,940.00,COASTLINE PROP MGMT,OSKO PAYMENT,KENSINGTON
BT-001024,2026-12-17,235.00,MR T JOHNSON,DIRECT CREDIT,INVOICE
BT-001025,2026-12-17,-1703.12,PAY - J OCONNOR,PAYROLL,WAGES
BT-001026,2026-12-17,-1704.15,PAY - M TRAN,PAYROLL,WAGES
BT-001027,2026-12-17,-2100.85,PAY - S PATEL,PAYROLL,WAGES
BT-001028,2026-12-20,640.00,HARBOUR REALTY BRONTE,OSKO PAYMENT,63 HEWLETT ST
BT-001029,2026-12-21,-26.87,BUNNINGS 703000 ROZELLE,VISA PURCHASE,
BT-001030,2026-12-21,-29.43,BUNNINGS 703000 ROZELLE,VISA PURCHASE,
BT-001031,2026-12-21,-10.84,BUNNINGS 742000 ALEXANDRIA,VISA PURCHASE,
BT-001032,2026-12-21,3950.00,NGUYEN M,TRANSFER FROM,BATHROOM RENO
BT-001033,2026-12-21,-736.29,REECE PTY LTD DD,DIRECT DEBIT,STATEMENT
BT-001034,2026-12-22,-147.89,BP MASCOT,VISA PURCHASE,
BT-001035,2026-12-23,165.00,HUGHES M,BPAY,INVOICE
BT-001036,2026-12-24,-2143.17,PAY - J OCONNOR,PAYROLL,WAGES
BT-001037,2026-12-24,-1841.45,PAY - M TRAN,PAYROLL,WAGES
BT-001038,2026-12-24,-1820.92,PAY - S PATEL,PAYROLL,WAGES
BT-001039,2026-12-25,-62.30,BUNNINGS 765000 RANDWICK,VISA PURCHASE,
BT-001040,2026-12-25,205.00,NGUYEN M,OSKO PAYMENT,NGUYEN
BT-001041,2026-12-26,185.00,DANIEL WANG,DIRECT CREDIT,WANG
BT-001042,2026-12-26,320.00,L KELLY,BPAY,INVOICE
BT-001043,2026-12-26,545.00,MR L HARRIS,OSKO PAYMENT,leichhardt plumbing
BT-001044,2026-12-26,830.00,NOAH BROWN,DIRECT CREDIT,PLUMBER
BT-001045,2026-12-27,478.59,MR J JOHNSON,BPAY,JOHNSON ROZELLE
BT-001046,2026-12-28,-10.00,MONTHLY ACCOUNT FEE,FEE,
BT-001047,2026-12-28,1050.00,NOAH THOMPSON,DIRECT CREDIT,PLUMBER
BT-001048,2026-12-29,-137.34,AMPOL ALEXANDRIA,VISA PURCHASE,
BT-001049,2026-12-29,-55.48,BUNNINGS 765000 RANDWICK,VISA PURCHASE,
BT-001050,2026-12-29,697.97,SOFIA WILLIAMS,TRANSFER FROM,WILLIAMS MOSMAN
BT-001051,2026-12-30,-16.03,BUNNINGS 742000 ALEXANDRIA,VISA PURCHASE,
BT-001052,2026-12-30,-12.32,BUNNINGS 742000 ALEXANDRIA,VISA PURCHASE,
BT-001053,2026-12-30,425.00,C OBRIEN,BPAY,NEWTOWN
BT-001054,2026-12-31,1485.00,KOSTAS HARRIS,BPAY,
BT-001055,2026-12-31,2280.00,MR E JOHNSON,DIRECT CREDIT,117 TODMAN AVE
BT-001056,2026-12-31,-1678.93,PAY - J OCONNOR,PAYROLL,WAGES
BT-001057,2026-12-31,-2042.69,PAY - M TRAN,PAYROLL,WAGES
BT-001058,2026-12-31,-1682.01,PAY - S PATEL,PAYROLL,WAGES
BT-001059,2026-12-31,10000.00,TRANSFER FROM SAVINGS,INTERNAL TRANSFER,
BT-001060,2027-01-01,165.00,MEI JOHNSON,OSKO PAYMENT,JOHNSON
BT-001061,2027-01-01,580.00,MS L RYAN,BPAY,PLUMBER
BT-001062,2027-01-01,351.87,THE DAILY GRIND CAFE P,OSKO PAYMENT,38 MORT ST
BT-001063,2027-01-02,-46.79,BUNNINGS 742000 ALEXANDRIA,VISA PURCHASE,
BT-001064,2027-01-02,636.43,MR M KING,DIRECT CREDIT,COOKTOP
BT-001065,2027-01-02,285.00,RAJ CAMPBELL,OSKO PAYMENT,
BT-001066,2027-01-03,405.00,MR C TAYLOR,TRANSFER FROM,TAYLOR COOGEE
BT-001067,2027-01-03,-189.00,TELSTRA,DIRECT DEBIT,
BT-001068,2027-01-03,-642.50,TOYOTA FINANCE,DIRECT DEBIT,VEHICLE LEASE
BT-001069,2027-01-04,-47.78,BUNNINGS 765000 RANDWICK,VISA PURCHASE,
BT-001070,2027-01-05,-157.66,AMPOL ALEXANDRIA,VISA PURCHASE,
BT-001071,2027-01-05,-24.30,BUNNINGS 703000 ROZELLE,VISA PURCHASE,
BT-001072,2027-01-05,-21.36,BUNNINGS 703000 ROZELLE,VISA PURCHASE,
BT-001073,2027-01-05,544.13,J WANG,OSKO PAYMENT,INVOICE
BT-001074,2027-01-05,845.00,MEI KING,DIRECT CREDIT,
BT-001075,2027-01-06,441.77,SOFIA WILSON,OSKO PAYMENT,NEUTRAL BAY
BT-001076,2027-01-07,-1682.11,PAY - J OCONNOR,PAYROLL,WAGES
BT-001077,2027-01-07,-1889.99,PAY - M TRAN,PAYROLL,WAGES
BT-001078,2027-01-07,-1853.24,PAY - S PATEL,PAYROLL,WAGES
BT-001079,2027-01-07,-1171.08,REECE TRADE ACC,DIRECT DEBIT,STATEMENT
BT-001080,2027-01-07,395.00,WANG D,DIRECT CREDIT,GAS LEAK MOSMAN
BT-001081,2027-01-08,-214.00,AAMI INSURANCE,DIRECT DEBIT,
BT-001082,2027-01-08,-70.00,XERO AUSTRALIA,DIRECT DEBIT,
BT-001083,2027-01-09,5303.34,ELENI JOHNSON,DIRECT CREDIT,
BT-001084,2027-01-09,895.00,LINH HARRIS,BPAY,
BT-001085,2027-01-10,-9.63,BUNNINGS 765000 RANDWICK,VISA PURCHASE,
BT-001086,2027-01-10,1085.00,WANG D,BPAY,PIPE
BT-001087,2027-01-11,180.00,COASTLINE PROPERTY MAN,DIRECT CREDIT,TAP REPAIR
BT-001088,2027-01-11,273.00,SINGH A,TRANSFER FROM,
BT-001089,2027-01-11,2460.00,THOMPSON N,DIRECT CREDIT,PLUMBER
BT-001090,2027-01-12,-181.46,BP MASCOT,VISA PURCHASE,
BT-001091,2027-01-12,-6.86,BUNNINGS 742000 ALEXANDRIA,VISA PURCHASE,
BT-001092,2027-01-14,-16.15,BUNNINGS 703000 ROZELLE,VISA PURCHASE,
BT-001093,2027-01-14,635.00,C ROBINSON,TRANSFER FROM,BLOCKED DRAIN
BT-001094,2027-01-14,-2066.96,PAY - J OCONNOR,PAYROLL,WAGES
BT-001095,2027-01-14,-1994.60,PAY - M TRAN,PAYROLL,WAGES
BT-001096,2027-01-14,-1771.08,PAY - S PATEL,PAYROLL,WAGES
BT-001097,2027-01-14,370.00,T HUGHES,TRANSFER FROM,COOGEE
BT-001098,2027-01-14,-775.84,TRADELINK PTY LTD,DIRECT DEBIT,STATEMENT
BT-001099,2027-01-15,920.00,ANDERSON AND CO ACCOUN,DIRECT CREDIT,INVOICE
BT-001100,2027-01-15,165.00,ANDERSON AND CO ACCOUN,OSKO PAYMENT,leichhardt plumbing
BT-001101,2027-01-15,380.00,MARTIN A,BPAY,GUTTERS GLEBE
BT-001102,2027-01-17,985.00,CHATSWOOD PHYSIOTHERAP,OSKO PAYMENT,
BT-001103,2027-01-19,-132.86,BP MASCOT,VISA PURCHASE,
BT-001104,2027-01-19,2465.00,W LEE,OSKO PAYMENT,63 UNDERWOOD ST
BT-001105,2027-01-20,-52.94,BUNNINGS 765000 RANDWICK,VISA PURCHASE,
BT-001106,2027-01-20,165.00,MS M RYAN,BPAY,PLUMBER
BT-001107,2027-01-21,-24.17,BUNNINGS 703000 ROZELLE,VISA PURCHASE,
BT-001108,2027-01-21,9205.00,M NGUYEN,TRANSFER FROM,
BT-001109,2027-01-21,-1813.19,PAY - J OCONNOR,PAYROLL,WAGES
BT-001110,2027-01-21,-1987.94,PAY - M TRAN,PAYROLL,WAGES
BT-001111,2027-01-21,-1777.04,PAY - S PATEL,PAYROLL,WAGES
BT-001112,2027-01-21,-2890.22,REECE PTY LTD DD,DIRECT DEBIT,STATEMENT
BT-001113,2027-01-21,-1350.65,RHEEM AUSTRALIA PTY,DIRECT DEBIT,
BT-001114,2027-01-22,-15.49,BUNNINGS 742000 ALEXANDRIA,VISA PURCHASE,
BT-001115,2027-01-23,980.00,M MARTIN,DIRECT CREDIT,COOKTOP
BT-001116,2027-01-23,-1737.86,RHEEM AUST PTY LTD,DIRECT DEBIT,
BT-001117,2027-01-24,1460.00,D WILSON,DIRECT CREDIT,INVOICE
BT-001118,2027-01-25,375.00,C TAYLOR,OSKO PAYMENT,GAS COOGEE
BT-001119,2027-01-25,480.00,MAROUBRA STRATA MANAGE,OSKO PAYMENT,maroubra plumbing
BT-001120,2027-01-26,-12274.42,ATO,BPAY,BAS
BT-001121,2027-01-26,-117.99,BP MASCOT,VISA PURCHASE,
BT-001122,2027-01-26,165.00,LIAM BROWN,DIRECT CREDIT,BROWN
BT-001123,2027-01-26,525.00,OBRIEN O,OSKO PAYMENT,
BT-001124,2027-01-28,-14.82,BUNNINGS 742000 ALEXANDRIA,VISA PURCHASE,
BT-001125,2027-01-28,-23.15,BUNNINGS 742000 ALEXANDRIA,VISA PURCHASE,
BT-001126,2027-01-28,-10.00,MONTHLY ACCOUNT FEE,FEE,
BT-001127,2027-01-28,-1735.53,PAY - J OCONNOR,PAYROLL,WAGES
BT-001128,2027-01-28,-1891.34,PAY - M TRAN,PAYROLL,WAGES
BT-001129,2027-01-28,-2123.33,PAY - S PATEL,PAYROLL,WAGES
BT-001130,2027-01-29,-10.51,BUNNINGS 742000 ALEXANDRIA,VISA PURCHASE,
BT-001131,2027-01-30,165.00,MEI NGUYEN,OSKO PAYMENT,INSPECTION
BT-001132,2027-02-01,305.00,OBRIEN H,TRANSFER FROM,
BT-001133,2027-02-02,-153.87,AMPOL ALEXANDRIA,VISA PURCHASE,
BT-001134,2027-02-02,-32.25,BUNNINGS 703000 ROZELLE,VISA PURCHASE,
BT-001135,2027-02-03,-25.05,BUNNINGS 703000 ROZELLE,VISA PURCHASE,
BT-001136,2027-02-03,-55.89,BUNNINGS 742000 ALEXANDRIA,VISA PURCHASE,
BT-001137,2027-02-03,3590.00,K HUGHES,DIRECT CREDIT,ANNANDALE
BT-001138,2027-02-03,522.72,MS D CLARKE,OSKO PAYMENT,27 BUCKNELL ST
BT-001139,2027-02-03,-1835.77,RHEEM AUSTRALIA PTY,DIRECT DEBIT,
BT-001140,2027-02-03,-189.00,TELSTRA,DIRECT DEBIT,
BT-001141,2027-02-03,-642.50,TOYOTA FINANCE,DIRECT DEBIT,VEHICLE LEASE
BT-001142,2027-02-04,-1677.73,PAY - J OCONNOR,PAYROLL,WAGES
BT-001143,2027-02-04,-1772.28,PAY - M TRAN,PAYROLL,WAGES
BT-001144,2027-02-04,-1914.29,PAY - S PATEL,PAYROLL,WAGES
BT-001145,2027-02-05,-30.73,BUNNINGS 703000 ROZELLE,VISA PURCHASE,
BT-001146,2027-02-05,165.00,MURPHY P,TRANSFER FROM,chatswood plumbing
BT-001147,2027-02-06,1935.00,NOAH BROWN,TRANSFER FROM,HW SYSTEM CHATSWOOD
BT-001148,2027-02-06,-1996.91,REECE TRADE ACC,DIRECT DEBIT,STATEMENT
BT-001149,2027-02-06,-1404.38,RHEEM AUST PTY LTD,DIRECT DEBIT,
BT-001150,2027-02-07,-15.78,BUNNINGS 765000 RANDWICK,VISA PURCHASE,
BT-001151,2027-02-07,455.00,MS W RYAN,DIRECT CREDIT,PLUMBING
BT-001152,2027-02-08,-214.00,AAMI INSURANCE,DIRECT DEBIT,
BT-001153,2027-02-08,-29.94,BUNNINGS 742000 ALEXANDRIA,VISA PURCHASE,
BT-001154,2027-02-08,-28.93,BUNNINGS 765000 RANDWICK,VISA PURCHASE,
BT-001155,2027-02-08,165.00,N PATEL,DIRECT CREDIT,MOSMAN
BT-001156,2027-02-08,-70.00,XERO AUSTRALIA,DIRECT DEBIT,
BT-001157,2027-02-09,900.00,AMELIA MARTIN,OSKO PAYMENT,
BT-001158,2027-02-09,-140.41,BP MASCOT,VISA PURCHASE,
BT-001159,2027-02-09,735.00,THOMAS JOHNSON,OSKO PAYMENT,PLUMBING
BT-001160,2027-02-11,2175.00,COASTLINE PROPERTY MAN,DIRECT CREDIT,GUTTER
BT-001161,2027-02-11,-1997.57,PAY - J OCONNOR,PAYROLL,WAGES
BT-001162,2027-02-11,-1981.09,PAY - M TRAN,PAYROLL,WAGES
BT-001163,2027-02-11,-1664.74,PAY - S PATEL,PAYROLL,WAGES
BT-001164,2027-02-12,163.50,W LEE,TRANSFER FROM,GLEBE
BT-001165,2027-02-13,-2059.07,TRADELINK PTY LTD,DIRECT DEBIT,STATEMENT
BT-001166,2027-02-14,190.00,GRACE THOMPSON,BPAY,annandale plumbing
BT-001167,2027-02-14,215.00,MR W TAYLOR,TRANSFER FROM,
BT-001168,2027-02-16,-204.22,AMPOL ALEXANDRIA,VISA PURCHASE,
BT-001169,2027-02-16,475.00,M HUGHES,OSKO PAYMENT,MOSMAN
BT-001170,2027-02-18,630.00,A HUGHES,DIRECT CREDIT,PLUMBER
BT-001171,2027-02-18,-1840.95,PAY - J OCONNOR,PAYROLL,WAGES
BT-001172,2027-02-18,-1806.51,PAY - M TRAN,PAYROLL,WAGES
BT-001173,2027-02-18,-1784.11,PAY - S PATEL,PAYROLL,WAGES
BT-001174,2027-02-21,390.00,ANNANDALE STRATA MANAG,BPAY,BLOCKED DRAIN ANNANDALE
BT-001175,2027-02-21,-2047.53,REECE PTY LTD DD,DIRECT DEBIT,STATEMENT
BT-001176,2027-02-21,485.00,TRAN G,OSKO PAYMENT,
BT-001177,2027-02-23,-113.16,AMPOL ALEXANDRIA,VISA PURCHASE,
BT-001178,2027-02-24,785.00,MR W ANDERSON,TRANSFER FROM,INVOICE
BT-001179,2027-02-25,-1731.11,PAY - J OCONNOR,PAYROLL,WAGES
BT-001180,2027-02-25,-2006.76,PAY - M TRAN,PAYROLL,WAGES
BT-001181,2027-02-25,-1681.67,PAY - S PATEL,PAYROLL,WAGES
BT-001182,2027-02-28,-10.00,MONTHLY ACCOUNT FEE,FEE,
BT-001183,2027-03-02,-95.69,AMPOL ALEXANDRIA,VISA PURCHASE,
BT-001184,2027-03-03,-189.00,TELSTRA,DIRECT DEBIT,
BT-001185,2027-03-03,-642.50,TOYOTA FINANCE,DIRECT DEBIT,VEHICLE LEASE
BT-001186,2027-03-04,-2147.02,PAY - J OCONNOR,PAYROLL,WAGES
BT-001187,2027-03-04,-1864.59,PAY - M TRAN,PAYROLL,WAGES
BT-001188,2027-03-04,-1905.15,PAY - S PATEL,PAYROLL,WAGES
BT-001189,2027-03-05,3420.00,WILSON D,TRANSFER FROM,15 VICTORIA AVE
BT-001190,2027-03-06,480.71,J & E JOHNSON,TRANSFER FROM,63 TERRY ST
BT-001191,2027-03-07,5000.00,TRANSFER FROM SAVINGS,INTERNAL TRANSFER,
BT-001192,2027-03-08,-214.00,AAMI INSURANCE,DIRECT DEBIT,
BT-001193,2027-03-08,-70.00,XERO AUSTRALIA,DIRECT DEBIT,
BT-001194,2027-03-09,-186.02,AMPOL ALEXANDRIA,VISA PURCHASE,
BT-001195,2027-03-11,-1993.32,PAY - J OCONNOR,PAYROLL,WAGES
BT-001196,2027-03-11,-1658.59,PAY - M TRAN,PAYROLL,WAGES
BT-001197,2027-03-11,-1810.16,PAY - S PATEL,PAYROLL,WAGES
BT-001198,2027-03-13,-39.40,TRADELINK PLUMBING SUPP,DIRECT DEBIT,STATEMENT
BT-001199,2027-03-16,-191.75,AMPOL ALEXANDRIA,VISA PURCHASE,
BT-001200,2027-03-18,-1699.97,PAY - J OCONNOR,PAYROLL,WAGES
BT-001201,2027-03-18,-1853.96,PAY - M TRAN,PAYROLL,WAGES
BT-001202,2027-03-18,-2045.63,PAY - S PATEL,PAYROLL,WAGES
BT-001203,2027-03-23,-186.10,AMPOL ALEXANDRIA,VISA PURCHASE,
BT-001204,2027-03-25,-1791.28,PAY - J OCONNOR,PAYROLL,WAGES
BT-001205,2027-03-25,-2047.52,PAY - M TRAN,PAYROLL,WAGES
BT-001206,2027-03-25,-2044.50,PAY - S PATEL,PAYROLL,WAGES
BT-001207,2027-03-28,-10.00,MONTHLY ACCOUNT FEE,FEE,
BT-001208,2027-03-30,-175.14,BP MASCOT,VISA PURCHASE,
