TransactionID,Kind,Items
BT-000001,ignore,
BT-000002,ignore,
BT-000003,ignore,
BT-000004,customer,INV-2011
BT-000005,ignore,
BT-000006,ignore,
BT-000007,customer,INV-2001
BT-000008,ignore,
BT-000009,supplier,M-30018|M-30019
BT-000010,supplier,M-30001
BT-000011,ignore,
BT-000012,ignore,
BT-000013,supplier,M-30013|M-30014|M-30015
BT-000014,customer,INV-2003
BT-000015,ignore,
BT-000016,ignore,
BT-000017,ignore,
BT-000018,customer,INV-2013
BT-000019,customer,INV-2002
BT-000020,customer,INV-2008
BT-000021,supplier,M-30020
BT-000022,customer,INV-2006
BT-000023,supplier,M-30023
BT-000024,ignore,
BT-000025,supplier,M-30030|M-30031
BT-000026,supplier,M-30037
BT-000027,customer,INV-2005
BT-000028,ignore,
BT-000029,ignore,
BT-000030,ignore,
BT-000031,customer,INV-2014
BT-000032,supplier,M-30043|M-30044
BT-000033,customer,INV-2012
BT-000034,ignore,
BT-000035,other,
BT-000036,supplier,M-30002|M-30003|M-30006|M-30007|M-30008|M-30009|M-30017|M-30021|M-30022|M-30024|M-30025|M-30026|M-30027|M-30028|M-30029|M-30032|M-30033|M-30034
BT-000037,supplier,M-30052
BT-000038,supplier,M-30049
BT-000039,customer,INV-2004
BT-000040,ignore,
BT-000041,ignore,
BT-000042,ignore,
BT-000043,ignore,
BT-000044,supplier,M-30061|M-30062
BT-000045,customer,INV-2021
BT-000046,ignore,
BT-000047,customer,INV-2019
BT-000048,customer,INV-2017
BT-000049,ignore,
BT-000050,supplier,M-30057|M-30058
BT-000051,customer,INV-2042
BT-000052,customer,INV-2040
BT-000053,supplier,M-30038
BT-000054,customer,INV-2025
BT-000055,ignore,
BT-000056,ignore,
BT-000057,ignore,
BT-000058,supplier,M-30063
BT-000059,customer,INV-2030
BT-000060,customer,INV-2024
BT-000061,supplier,M-30016
BT-000062,customer,INV-2023
BT-000063,ignore,
BT-000064,ignore,
BT-000065,other,
BT-000066,ignore,
BT-000067,customer,INV-2007
BT-000068,supplier,M-30065
BT-000069,supplier,M-30073|M-30074
BT-000070,customer,INV-2031
BT-000071,supplier,M-30039|M-30040|M-30042|M-30045|M-30046|M-30050|M-30051|M-30054|M-30055|M-30056|M-30059|M-30060|M-30064|M-30999
BT-000072,supplier,M-30067|M-30068
BT-000073,supplier,M-30071
BT-000074,customer,INV-2018
BT-000075,ignore,
BT-000076,ignore,
BT-000077,ignore,
BT-000078,customer,INV-2033
BT-000079,customer,INV-2036
BT-000080,ignore,
BT-000081,ignore,
BT-000082,supplier,M-30075|M-30076
BT-000083,customer,INV-2032
BT-000084,ignore,
BT-000085,supplier,M-30092
BT-000086,customer,INV-2035
BT-000087,customer,INV-2028
BT-000088,customer,INV-2020
BT-000089,customer,INV-2027
BT-000090,ignore,
BT-000091,ignore,
BT-000092,ignore,
BT-000093,supplier,M-30004|M-30005|M-30010|M-30011|M-30012|M-30035|M-30036|M-30041|M-30047|M-30048
BT-000094,supplier,M-30093
BT-000095,supplier,M-30053
BT-000096,customer,INV-2029
BT-000097,ignore,
BT-000098,supplier,M-30101
BT-000099,supplier,M-30095
BT-000100,customer,INV-2037
BT-000101,customer,INV-2034
BT-000102,customer,INV-2047
BT-000103,customer,INV-2045
BT-000104,customer,INV-2043
BT-000105,customer,INV-2048
BT-000106,customer,INV-2049
BT-000107,customer,INV-2044
BT-000108,ignore,
BT-000109,ignore,
BT-000110,ignore,
BT-000111,customer,INV-2038
BT-000112,supplier,M-30066|M-30070|M-30072|M-30077|M-30078|M-30079|M-30080|M-30081|M-30082|M-30083|M-30088|M-30089|M-30090|M-30091
BT-000113,customer,INV-2051
BT-000114,customer_part,INV-2053
BT-000115,customer,INV-2052
BT-000116,customer,INV-2054
BT-000117,supplier,M-30114
BT-000118,ignore,
BT-000119,supplier,M-30116
BT-000120,supplier,M-30115
BT-000121,supplier,M-30122
BT-000122,customer,INV-2026
BT-000123,ignore,
BT-000124,ignore,
BT-000125,ignore,
BT-000126,customer,INV-2056
BT-000127,ignore,
BT-000128,customer,INV-2022
BT-000129,customer,INV-2058
BT-000130,supplier,M-30128
BT-000131,customer,INV-2067
BT-000132,customer,INV-2041
BT-000133,ignore,
BT-000134,supplier,M-30087
BT-000135,ignore,
BT-000136,ignore,
BT-000137,ignore,
BT-000138,ignore,
BT-000139,ignore,
BT-000140,supplier,M-30144|M-30145
BT-000141,supplier,M-30136|M-30137
BT-000142,supplier,M-30069
BT-000143,customer,INV-2064
BT-000144,supplier,M-30096|M-30097|M-30098|M-30099|M-30102|M-30103|M-30104|M-30105|M-30108|M-30112|M-30113|M-30117|M-30118|M-30119|M-30120|M-30121
BT-000145,customer,INV-2050
BT-000146,customer,INV-2055
BT-000147,ignore,
BT-000148,customer,INV-2069
BT-000149,customer,INV-2062
BT-000150,ignore,
BT-000151,ignore,
BT-000152,customer,INV-2093
BT-000153,customer,INV-2078
BT-000154,customer,INV-2071
BT-000155,customer,INV-2063
BT-000156,ignore,
BT-000157,ignore,
BT-000158,ignore,
BT-000159,supplier,M-30148|M-30149
BT-000160,customer_part,INV-2070
BT-000161,supplier,M-30159
BT-000162,customer,INV-2073
BT-000163,supplier,M-30084|M-30085|M-30086|M-30094|M-30100|M-30106|M-30107|M-30109|M-30110
BT-000164,supplier,M-30162|M-30163
BT-000165,customer,INV-2065
BT-000166,ignore,
BT-000167,customer,INV-2072
BT-000168,customer,INV-2066
BT-000169,customer,INV-2061
BT-000170,supplier,M-30173
BT-000171,customer,INV-2046
BT-000172,customer_part,INV-2053
BT-000173,customer_part,INV-2039
BT-000174,supplier,M-30164
BT-000175,supplier,M-30171|M-30172
BT-000176,ignore,
BT-000177,ignore,
BT-000178,ignore,
BT-000179,customer,INV-2075
BT-000180,customer,INV-2083
BT-000181,customer,INV-2057
BT-000182,supplier,M-30175
BT-000183,supplier,M-30123|M-30124|M-30125|M-30129|M-30130|M-30131|M-30134|M-30138|M-30139|M-30140|M-30141|M-30146|M-30150|M-30151|M-30152|M-30153|M-30154|M-30155|M-30156|M-30998
BT-000184,supplier,M-30111
BT-000185,customer,INV-2079
BT-000186,customer,INV-2095
BT-000187,supplier,M-30176|M-30177
BT-000188,customer,INV-2060
BT-000189,ignore,
BT-000190,supplier,M-30178|M-30179
BT-000191,customer,INV-2085
BT-000192,supplier,M-30185
BT-000193,customer,INV-2087
BT-000194,ignore,
BT-000195,ignore,
BT-000196,ignore,
BT-000197,customer,INV-2088
BT-000198,customer,INV-2082
BT-000199,ignore,
BT-000200,customer,INV-2091
BT-000201,ignore,
BT-000202,customer_part,INV-2039
BT-000203,customer,INV-2081
BT-000204,customer,INV-2080
BT-000205,customer,INV-2086
BT-000206,customer,INV-2059
BT-000207,ignore,
BT-000208,ignore,
BT-000209,ignore,
BT-000210,customer,INV-2090
BT-000211,supplier,M-30206|M-30207
BT-000212,supplier,M-30167
BT-000213,customer,INV-2098
BT-000214,ignore,
BT-000215,customer,INV-2101
BT-000216,ignore,
BT-000217,customer,INV-2099
BT-000218,customer,INV-2068
BT-000219,customer,INV-2094
BT-000220,customer,INV-2097
BT-000221,supplier,M-30165|M-30166|M-30168|M-30169|M-30170|M-30174|M-30180|M-30181|M-30182|M-30186|M-30187|M-30188|M-30191|M-30192|M-30193|M-30194|M-30195|M-30198|M-30199|M-30200|M-30201|M-30202|M-30203
BT-000222,customer,INV-2084
BT-000223,ignore,
BT-000224,supplier,M-30212
BT-000225,customer,INV-2074
BT-000226,ignore,
BT-000227,ignore,
BT-000228,ignore,
BT-000229,ignore,
BT-000230,customer_part,INV-2070
BT-000231,ignore,
BT-000232,supplier,M-30219
BT-000233,customer,INV-2096
BT-000234,customer,INV-2114
BT-000235,customer,INV-2104
BT-000236,supplier,M-30225|M-30226|M-30227
BT-000237,ignore,
BT-000238,customer,INV-2107
BT-000239,customer,INV-2108
BT-000240,supplier,M-30231
BT-000241,customer,INV-2112
BT-000242,ignore,
BT-000243,ignore,
BT-000244,ignore,
BT-000245,supplier,M-30126|M-30127|M-30132|M-30133|M-30135|M-30142|M-30143|M-30147|M-30157|M-30158|M-30160|M-30161|M-30183|M-30184|M-30189|M-30190|M-30196|M-30197
BT-000246,customer,INV-2109
BT-000247,customer,INV-2111
BT-000248,customer,INV-2089
BT-000249,customer,INV-2076
BT-000250,customer,INV-2110
BT-000251,customer,INV-2092
BT-000252,ignore,
BT-000253,supplier,M-30204|M-30205|M-30208|M-30209|M-30210|M-30213|M-30214|M-30215|M-30218|M-30220|M-30221|M-30222|M-30228|M-30229|M-30230
BT-000254,supplier,M-30240
BT-000255,customer,INV-2125
BT-000256,customer,INV-2113
BT-000257,ignore,
BT-000258,ignore,
BT-000259,ignore,
BT-000260,customer,INV-2100
BT-000261,customer,INV-2105
BT-000262,ignore,
BT-000263,ignore,
BT-000264,customer,INV-2115
BT-000265,customer_part,INV-2119
BT-000266,customer_part,INV-2130
BT-000267,supplier,M-30246|M-30247
BT-000268,ignore,
BT-000269,customer,INV-2102
BT-000270,ignore,
BT-000271,ignore,
BT-000272,ignore,
BT-000273,customer,INV-2106
BT-000274,customer,INV-2117
BT-000275,customer,INV-2103
BT-000276,supplier,M-30248
BT-000277,ignore,
BT-000278,supplier,M-30256|M-30257
BT-000279,ignore,
BT-000280,ignore,
BT-000281,supplier,M-30254|M-30255
BT-000282,ignore,
BT-000283,ignore,
BT-000284,ignore,
BT-000285,supplier,M-30258
BT-000286,customer,INV-2126
BT-000287,supplier,M-30232|M-30233|M-30234|M-30235|M-30236|M-30237|M-30241|M-30242|M-30243|M-31004
BT-000288,customer,INV-2122
BT-000289,ignore,
BT-000290,ignore,
BT-000291,supplier,M-30259|M-30260
BT-000292,ignore,
BT-000293,customer,INV-2121
BT-000294,customer,INV-2118
BT-000295,customer_part,INV-2119
BT-000296,customer,INV-2120
BT-000297,ignore,
BT-000298,ignore,
BT-000299,ignore,
BT-000300,supplier,M-30211|M-30216|M-30217|M-30223|M-30224|M-30238|M-30239|M-30244|M-30245
BT-000301,customer,INV-2129
BT-000302,supplier,M-30265|M-30266
BT-000303,customer,INV-2124
BT-000304,customer_part,INV-2130
BT-000305,supplier,M-30272
BT-000306,customer,INV-2127
BT-000307,customer_part,INV-2116
BT-000308,customer,INV-2123
BT-000309,supplier,M-30270
BT-000310,customer,INV-2131
BT-000311,customer,INV-2128
BT-000312,ignore,
BT-000313,customer,INV-2132
BT-000314,supplier,M-30275
BT-000315,supplier,M-30279
BT-000316,ignore,
BT-000317,ignore,
BT-000318,ignore,
BT-000319,customer,INV-2138
BT-000320,supplier,M-30249|M-30250|M-30251|M-30252|M-30261|M-30262|M-30263|M-30264|M-30267
BT-000321,customer,INV-2137
BT-000322,customer,INV-2134
BT-000323,customer,INV-2133
BT-000324,customer,INV-2135
BT-000325,ignore,
BT-000326,supplier,M-30285|M-30286
BT-000327,supplier,M-30289
BT-000328,customer,INV-2136
BT-000329,customer,INV-2143
BT-000330,customer,INV-2141
BT-000331,ignore,
BT-000332,ignore,
BT-000333,ignore,
BT-000334,customer,INV-2140
BT-000335,customer,INV-2145
BT-000336,customer,INV-2159
BT-000337,ignore,
BT-000338,supplier,M-30298|M-30299
BT-000339,ignore,
BT-000340,supplier,M-30300
BT-000341,supplier,M-30303
BT-000342,ignore,
BT-000343,ignore,
BT-000344,supplier,M-30306|M-30307
BT-000345,ignore,
BT-000346,ignore,
BT-000347,ignore,
BT-000348,supplier,M-30310|M-30311
BT-000349,customer,INV-2147
BT-000350,customer,INV-2146
BT-000351,customer,INV-2139
BT-000352,customer,INV-2151
BT-000353,supplier,M-30271|M-30273|M-30274|M-30276|M-30277|M-30278|M-30280|M-30281|M-30282|M-30283|M-30284|M-30287|M-30290|M-30291|M-31001
BT-000354,ignore,
BT-000355,supplier,M-30312|M-30313
BT-000356,customer,INV-2148
BT-000357,ignore,
BT-000358,ignore,
BT-000359,customer,INV-2153
BT-000360,customer,INV-2177
BT-000361,customer,INV-2144
BT-000362,supplier,M-30320|M-30321
BT-000363,customer,INV-2156
BT-000364,supplier,M-30322|M-30323
BT-000365,ignore,
BT-000366,ignore,
BT-000367,ignore,
BT-000368,supplier,M-30324|M-30325
BT-000369,customer_part,INV-2116
BT-000370,supplier,M-30336
BT-000371,customer,INV-2142
BT-000372,supplier,M-30253|M-30268|M-30269|M-30288
BT-000373,customer,INV-2164
BT-000374,supplier,M-30333
BT-000375,customer,INV-2161
BT-000376,customer,INV-2155
BT-000377,ignore,
BT-000378,supplier,M-30343
BT-000379,supplier,M-30346|M-30347
BT-000380,customer,INV-2162
BT-000381,customer,INV-2163
BT-000382,supplier,M-30351|M-30352
BT-000383,customer,INV-2154
BT-000384,customer,INV-2168
BT-000385,ignore,
BT-000386,ignore,
BT-000387,ignore,
BT-000388,customer,INV-2158
BT-000389,other,
BT-000390,customer,INV-2160
BT-000391,supplier,M-30292|M-30293|M-30294|M-30295|M-30296|M-30301|M-30302|M-30304|M-30308|M-30309|M-30314|M-30315|M-30316|M-30317
BT-000392,supplier,M-30358|M-30359
BT-000393,supplier,M-30360
BT-000394,customer,INV-2171
BT-000395,customer,INV-2167
BT-000396,customer,INV-2172
BT-000397,customer,INV-2149
BT-000398,customer,INV-2165
BT-000399,customer_part,INV-2166
BT-000400,ignore,
BT-000401,supplier,M-30362|M-30363
BT-000402,supplier,M-30377|M-30378
BT-000403,supplier,M-30297
BT-000404,customer,INV-2150
BT-000405,customer,INV-2169
BT-000406,customer,INV-2170
BT-000407,ignore,
BT-000408,ignore,
BT-000409,ignore,
BT-000410,supplier,M-30375|M-30376
BT-000411,ignore,
BT-000412,customer,INV-2173
BT-000413,ignore,
BT-000414,customer,INV-2157
BT-000415,supplier,M-30386|M-30387
BT-000416,customer,INV-2184
BT-000417,customer,INV-2181
BT-000418,customer,INV-2180
BT-000419,customer,INV-2178
BT-000420,ignore,
BT-000421,ignore,
BT-000422,ignore,
BT-000423,ignore,
BT-000424,ignore,
BT-000425,customer,INV-2185
BT-000426,customer,INV-2191
BT-000427,ignore,
BT-000428,supplier,M-30389|M-30390
BT-000429,customer,INV-2183
BT-000430,supplier,M-30326|M-30327|M-30328|M-30329|M-30334|M-30335|M-30337|M-30338|M-30339|M-30340|M-30341|M-30342|M-30344|M-30345|M-30349|M-30350|M-30354|M-30355|M-30361|M-30365|M-30366|M-30367|M-30368|M-30369|M-30370|M-30371|M-30372|M-30373|M-30379|M-30380|M-30381|M-30383|M-30384|M-30385|M-31007
BT-000431,ignore,
BT-000432,supplier,M-30395
BT-000433,ignore,
BT-000434,customer,INV-2179
BT-000435,ignore,
BT-000436,ignore,
BT-000437,ignore,
BT-000438,supplier,M-30398
BT-000439,customer_part,INV-2166
BT-000440,customer,INV-2186
BT-000441,customer,INV-2196
BT-000442,customer,INV-2175
BT-000443,supplier,M-30364
BT-000444,customer,INV-2187
BT-000445,customer,INV-2182
BT-000446,ignore,
BT-000447,supplier,M-30403
BT-000448,customer,INV-2206
BT-000449,supplier,M-30305|M-30318|M-30319|M-30330|M-30331|M-30332|M-30356|M-30357|M-30374|M-31000
BT-000450,supplier,M-30382
BT-000451,customer,INV-2188
BT-000452,ignore,
BT-000453,ignore,
BT-000454,ignore,
BT-000455,customer,INV-2198
BT-000456,supplier,M-30404
BT-000457,supplier,M-30348
BT-000458,customer,INV-2190
BT-000459,customer,INV-2197
BT-000460,customer_part,INV-2209
BT-000461,supplier,M-30353
BT-000462,ignore,
BT-000463,customer,INV-2192
BT-000464,customer,INV-2199
BT-000465,supplier,M-30410
BT-000466,supplier,M-30388|M-30391|M-30392|M-30393|M-30394|M-30396|M-30397|M-30399|M-30400|M-30401
BT-000467,customer,INV-2193
BT-000468,customer,INV-2195
BT-000469,ignore,
BT-000470,ignore,
BT-000471,ignore,
BT-000472,customer,INV-2194
BT-000473,customer,INV-2176
BT-000474,customer,INV-2205
BT-000475,ignore,
BT-000476,supplier,M-30417
BT-000477,customer,INV-2203
BT-000478,ignore,
BT-000479,ignore,
BT-000480,supplier,M-30422
BT-000481,ignore,
BT-000482,ignore,
BT-000483,ignore,
BT-000484,supplier,M-30423
BT-000485,other,
BT-000486,customer,INV-2211
BT-000487,ignore,
BT-000488,ignore,
BT-000489,other,
BT-000490,supplier,M-30427
BT-000491,customer,INV-2208
BT-000492,customer_part,INV-2209
BT-000493,ignore,
BT-000494,customer,INV-2212
BT-000495,customer,INV-2210
BT-000496,customer,INV-2200
BT-000497,supplier,M-30406|M-30407|M-30408|M-30409|M-30411|M-30412|M-30413|M-30414|M-30419|M-30420|M-30421
BT-000498,supplier,M-30405
BT-000499,customer,INV-2213
BT-000500,ignore,
BT-000501,ignore,
BT-000502,ignore,
BT-000503,ignore,
BT-000504,ignore,
BT-000505,customer,INV-2214
BT-000506,supplier,M-30432|M-30433
BT-000507,customer,INV-2207
BT-000508,ignore,
BT-000509,supplier,M-30434|M-30435
BT-000510,customer,INV-2219
BT-000511,supplier,M-30442
BT-000512,customer,INV-2201
BT-000513,customer,INV-2202
BT-000514,ignore,
BT-000515,ignore,
BT-000516,ignore,
BT-000517,supplier,M-30402|M-30415|M-30416
BT-000518,customer,INV-2215
BT-000519,supplier,M-30443|M-30444
BT-000520,customer,INV-2216
BT-000521,customer,INV-2204
BT-000522,supplier,M-30418
BT-000523,supplier,M-30445
BT-000524,ignore,
BT-000525,customer,INV-2222
BT-000526,other,
BT-000527,supplier,M-30450|M-30451
BT-000528,supplier,M-30458|M-30459
BT-000529,customer,INV-2221
BT-000530,customer,INV-2218
BT-000531,ignore,
BT-000532,ignore,
BT-000533,ignore,
BT-000534,other,
BT-000535,customer,INV-2227
BT-000536,customer,INV-2226
BT-000537,supplier,M-30424|M-30425|M-30428|M-30429|M-30430|M-30431|M-30436|M-30437|M-30438|M-30439|M-30440
BT-000538,customer,INV-2228
BT-000539,ignore,
BT-000540,customer,INV-2225
BT-000541,customer,INV-2231
BT-000542,customer,INV-2224
BT-000543,ignore,
BT-000544,ignore,
BT-000545,ignore,
BT-000546,ignore,
BT-000547,customer,INV-2232
BT-000548,customer,INV-2223
BT-000549,customer,INV-2229
BT-000550,ignore,
BT-000551,customer,INV-2220
BT-000552,customer,INV-2237
BT-000553,ignore,
BT-000554,ignore,
BT-000555,ignore,
BT-000556,ignore,
BT-000557,ignore,
BT-000558,supplier,M-30466|M-30467
BT-000559,supplier,M-30469|M-30470
BT-000560,customer,INV-2249
BT-000561,customer,INV-2235
BT-000562,customer,INV-2234
BT-000563,customer,INV-2230
BT-000564,supplier,M-30446|M-30447|M-30448|M-30452|M-30453|M-30455|M-30460
BT-000565,ignore,
BT-000566,customer,INV-2217
BT-000567,ignore,
BT-000568,ignore,
BT-000569,customer,INV-2238
BT-000570,customer,INV-2233
BT-000571,customer,INV-2242
BT-000572,ignore,
BT-000573,ignore,
BT-000574,ignore,
BT-000575,customer,INV-2241
BT-000576,customer,INV-2244
BT-000577,supplier,M-30426|M-30441|M-30449|M-30454|M-30456|M-30457
BT-000578,supplier,M-30481
BT-000579,ignore,
BT-000580,supplier,M-30488|M-30489|M-30490
BT-000581,customer,INV-2239
BT-000582,customer,INV-2267
BT-000583,customer,INV-2240
BT-000584,supplier,M-30494
BT-000585,ignore,
BT-000586,ignore,
BT-000587,ignore,
BT-000588,supplier,M-30498
BT-000589,supplier,M-30497
BT-000590,supplier,M-30463|M-30464|M-30465|M-30468|M-30474|M-30475|M-30476|M-30477
BT-000591,supplier,M-30499
BT-000592,customer,INV-2247
BT-000593,customer,INV-2245
BT-000594,customer,INV-2250
BT-000595,supplier,M-30461
BT-000596,ignore,
BT-000597,supplier,M-30501|M-30502
BT-000598,customer,INV-2251
BT-000599,supplier,M-30505|M-30506
BT-000600,customer,INV-2248
BT-000601,ignore,
BT-000602,ignore,
BT-000603,ignore,
BT-000604,supplier,M-30512|M-30513
BT-000605,customer,INV-2246
BT-000606,ignore,
BT-000607,supplier,M-30509
BT-000608,supplier,M-30519|M-30520|M-30521
BT-000609,ignore,
BT-000610,supplier,M-30473
BT-000611,supplier,M-30462
BT-000612,customer,INV-2253
BT-000613,customer,INV-2261
BT-000614,ignore,
BT-000615,ignore,
BT-000616,ignore,
BT-000617,customer,INV-2257
BT-000618,customer,INV-2255
BT-000619,ignore,
BT-000620,ignore,
BT-000621,customer,INV-2281
BT-000622,customer,INV-2262
BT-000623,other,
BT-000624,supplier,M-30540
BT-000625,customer,INV-2252
BT-000626,customer,INV-2236
BT-000627,ignore,
BT-000628,supplier,M-30547
BT-000629,customer,INV-2256
BT-000630,customer,INV-2260
BT-000631,supplier,M-30479|M-30482|M-30483|M-30484|M-30485|M-30486|M-30487|M-30491|M-30492|M-30495|M-30504|M-30508|M-30510|M-30514|M-30515|M-30516|M-30517
BT-000632,ignore,
BT-000633,customer,INV-2269
BT-000634,customer,INV-2264
BT-000635,ignore,
BT-000636,ignore,
BT-000637,ignore,
BT-000638,ignore,
BT-000639,supplier,M-30560|M-30561|M-30562
BT-000640,supplier,M-30503
BT-000641,customer,INV-2259
BT-000642,customer,INV-2258
BT-000643,customer,INV-2270
BT-000644,supplier,M-30569
BT-000645,supplier,M-30549|M-30550
BT-000646,customer,INV-2273
BT-000647,customer,INV-2272
BT-000648,ignore,
BT-000649,supplier,M-30563
BT-000650,supplier,M-30570|M-30571
BT-000651,customer,INV-2275
BT-000652,supplier,M-30471|M-30472|M-30478|M-30480|M-30493|M-30496|M-30500|M-30511|M-30518
BT-000653,customer,INV-2301
BT-000654,supplier,M-30576|M-30577|M-30578
BT-000655,customer,INV-2271
BT-000656,ignore,
BT-000657,ignore,
BT-000658,ignore,
BT-000659,supplier,M-30585
BT-000660,customer,INV-2266
BT-000661,supplier,M-30507
BT-000662,customer,INV-2279
BT-000663,customer,INV-2285
BT-000664,customer,INV-2282
BT-000665,customer,INV-2283
BT-000666,supplier,M-30522
BT-000667,supplier,M-30591
BT-000668,supplier,M-30588|M-30589
BT-000669,customer,INV-2274
BT-000670,ignore,
BT-000671,customer,INV-2277
BT-000672,supplier,M-30523|M-30524|M-30525|M-30526|M-30527|M-30528|M-30531|M-30532|M-30533|M-30534|M-30535|M-30536|M-30541|M-30544|M-30548|M-30551|M-30552|M-30553|M-30554|M-30555|M-30556|M-30564|M-30565|M-30566|M-30567|M-30568|M-30572
BT-000673,customer,INV-2284
BT-000674,customer,INV-2263
BT-000675,supplier,M-30592
BT-000676,ignore,
BT-000677,ignore,
BT-000678,ignore,
BT-000679,customer,INV-2280
BT-000680,customer,INV-2288
BT-000681,customer,INV-2287
BT-000682,customer,INV-2276
BT-000683,ignore,
BT-000684,supplier,M-30595|M-30596
BT-000685,ignore,
BT-000686,supplier,M-30597|M-30598
BT-000687,supplier,M-30602|M-30603
BT-000688,supplier,M-30599|M-30600
BT-000689,ignore,
BT-000690,customer,INV-2286
BT-000691,customer,INV-2304
BT-000692,customer,INV-2290
BT-000693,ignore,
BT-000694,ignore,
BT-000695,ignore,
BT-000696,customer,INV-2268
BT-000697,customer,INV-2300
BT-000698,customer,INV-2265
BT-000699,customer,INV-2298
BT-000700,customer,INV-2299
BT-000701,customer,INV-2254
BT-000702,customer,INV-2289
BT-000703,other,
BT-000704,customer,INV-2293
BT-000705,ignore,
BT-000706,ignore,
BT-000707,ignore,
BT-000708,supplier,M-30609|M-30610
BT-000709,supplier,M-30617|M-30618|M-30619
BT-000710,supplier,M-30573|M-30574|M-30575|M-30581|M-30582|M-30583|M-30586|M-30590|M-30594|M-30601|M-30604|M-30605|M-31006
BT-000711,supplier,M-30620
BT-000712,supplier,M-30621|M-30622
BT-000713,ignore,
BT-000714,ignore,
BT-000715,ignore,
BT-000716,supplier,M-30623|M-30624
BT-000717,customer,INV-2318
BT-000718,customer,INV-2302
BT-000719,ignore,
BT-000720,customer,INV-2296
BT-000721,customer,INV-2291
BT-000722,customer,INV-2295
BT-000723,ignore,
BT-000724,supplier,M-30640|M-30641
BT-000725,customer,INV-2305
BT-000726,supplier,M-30635|M-30636|M-30637
BT-000727,supplier,M-30593
BT-000728,ignore,
BT-000729,supplier,M-30638
BT-000730,other,
BT-000731,customer,INV-2307
BT-000732,customer,INV-2313
BT-000733,customer,INV-2308
BT-000734,customer,INV-2297
BT-000735,ignore,
BT-000736,ignore,
BT-000737,ignore,
BT-000738,supplier,M-30529|M-30530|M-30537|M-30538|M-30539|M-30542|M-30543|M-30545|M-30546|M-30557|M-30558|M-30559|M-30579|M-30580|M-30584|M-30587|M-31008
BT-000739,supplier,M-30654|M-30655
BT-000740,supplier,M-30647|M-30648
BT-000741,supplier,M-30652|M-30653
BT-000742,customer,INV-2311
BT-000743,customer,INV-2312
BT-000744,supplier,M-30606
BT-000745,customer,INV-2303
BT-000746,supplier,M-30656
BT-000747,ignore,
BT-000748,customer,INV-2317
BT-000749,customer,INV-2314
BT-000750,customer,INV-2321
BT-000751,supplier,M-30662|M-30663
BT-000752,customer,INV-2292
BT-000753,supplier,M-30664
BT-000754,customer,INV-2322
BT-000755,ignore,
BT-000756,ignore,
BT-000757,ignore,
BT-000758,other,
BT-000759,customer,INV-2320
BT-000760,supplier,M-30607|M-30608|M-30611|M-30612|M-30613|M-30614|M-30625|M-30626|M-30627|M-30628|M-30629|M-30630|M-30631|M-30632|M-30633|M-30639|M-30642|M-30643|M-30645|M-30646|M-30649|M-30650|M-30651
BT-000761,customer,INV-2325
BT-000762,customer,INV-2306
BT-000763,customer,INV-2315
BT-000764,ignore,
BT-000765,customer,INV-2323
BT-000766,customer,INV-2310
BT-000767,customer,INV-2327
BT-000768,ignore,
BT-000769,ignore,
BT-000770,ignore,
BT-000771,ignore,
BT-000772,customer,INV-2331
BT-000773,supplier,M-30644
BT-000774,customer,INV-2294
BT-000775,ignore,
BT-000776,supplier,M-30674|M-30675
BT-000777,customer,INV-2329
BT-000778,customer,INV-2330
BT-000779,customer,INV-2332
BT-000780,customer,INV-2328
BT-000781,ignore,
BT-000782,ignore,
BT-000783,ignore,
BT-000784,ignore,
BT-000785,ignore,
BT-000786,customer,INV-2319
BT-000787,customer,INV-2336
BT-000788,supplier,M-30657|M-30658|M-30659|M-30660|M-30661|M-30665|M-30666|M-30667|M-30668|M-30670|M-30671|M-30672|M-30678
BT-000789,supplier,M-30681
BT-000790,customer,INV-2326
BT-000791,customer,INV-2345
BT-000792,ignore,
BT-000793,ignore,
BT-000794,ignore,
BT-000795,ignore,
BT-000796,ignore,
BT-000797,ignore,
BT-000798,supplier,M-30687|M-30688
BT-000799,customer,INV-2337
BT-000800,supplier,M-30689
BT-000801,ignore,
BT-000802,supplier,M-30691
BT-000803,supplier,M-30615|M-30616|M-30634|M-30669|M-30673|M-30679|M-30680|M-31002
BT-000804,supplier,M-30700
BT-000805,customer,INV-2333
BT-000806,customer,INV-2342
BT-000807,ignore,
BT-000808,ignore,
BT-000809,ignore,
BT-000810,customer,INV-2338
BT-000811,customer,INV-2316
BT-000812,customer,INV-2348
BT-000813,supplier,M-30710|M-30711
BT-000814,customer,INV-2334
BT-000815,customer_part,INV-2335
BT-000816,supplier,M-30709
BT-000817,ignore,
BT-000818,supplier,M-30676|M-30677|M-30682|M-30684|M-30685|M-30686|M-30690|M-30692|M-30693|M-30694|M-30695|M-30696|M-30701|M-30702|M-30703
BT-000819,customer,INV-2343
BT-000820,customer,INV-2347
BT-000821,customer,INV-2340
BT-000822,customer,INV-2361
BT-000823,customer,INV-2350
BT-000824,ignore,
BT-000825,ignore,
BT-000826,ignore,
BT-000827,supplier,M-30713|M-30714
BT-000828,customer,INV-2355
BT-000829,customer,INV-2349
BT-000830,ignore,
BT-000831,ignore,
BT-000832,customer,INV-2344
BT-000833,supplier,M-30726
BT-000834,supplier,M-30683
BT-000835,other,
BT-000836,customer,INV-2371
BT-000837,ignore,
BT-000838,ignore,
BT-000839,ignore,
BT-000840,other,
BT-000841,supplier,M-30729|M-30730
BT-000842,customer,INV-2362
BT-000843,customer,INV-2346
BT-000844,customer,INV-2363
BT-000845,customer,INV-2358
BT-000846,ignore,
BT-000847,ignore,
BT-000848,supplier,M-30746|M-30747
BT-000849,customer,INV-2374
BT-000850,ignore,
BT-000851,supplier,M-30740
BT-000852,supplier,M-30758|M-30759|M-30760
BT-000853,customer,INV-2354
BT-000854,customer,INV-2353
BT-000855,supplier,M-30705|M-30706|M-30707|M-30708|M-30715|M-30716|M-30717|M-30718|M-30719|M-30720|M-30721|M-30722
BT-000856,ignore,
BT-000857,supplier,M-30749
BT-000858,supplier,M-30766|M-30767
BT-000859,customer,INV-2392
BT-000860,customer,INV-2359
BT-000861,customer,INV-2367
BT-000862,customer,INV-2366
BT-000863,customer,INV-2339
BT-000864,ignore,
BT-000865,ignore,
BT-000866,ignore,
BT-000867,ignore,
BT-000868,customer,INV-2352
BT-000869,customer_part,INV-2335
BT-000870,supplier,M-30772
BT-000871,customer,INV-2370
BT-000872,customer,INV-2364
BT-000873,supplier,M-30769|M-30770
BT-000874,supplier,M-30778|M-30779
BT-000875,customer,INV-2373
BT-000876,ignore,
BT-000877,supplier,M-30773
BT-000878,customer,INV-2357
BT-000879,customer,INV-2368
BT-000880,customer,INV-2377
BT-000881,supplier,M-30697|M-30698|M-30699|M-30704|M-30712|M-30723|M-30724|M-30725
BT-000882,ignore,
BT-000883,ignore,
BT-000884,ignore,
BT-000885,customer,INV-2372
BT-000886,customer,INV-2381
BT-000887,customer,INV-2379
BT-000888,customer,INV-2380
BT-000889,supplier,M-30784|M-30785
BT-000890,supplier,M-30782|M-30783
BT-000891,ignore,
BT-000892,customer,INV-2382
BT-000893,customer,INV-2360
BT-000894,customer,INV-2383
BT-000895,ignore,
BT-000896,ignore,
BT-000897,ignore,
BT-000898,supplier,M-30727|M-30728|M-30731|M-30732|M-30733|M-30734|M-30735|M-30736|M-30737|M-30741|M-30742|M-30743|M-30744|M-30745|M-30750|M-30751|M-30752|M-30753|M-30754|M-30755|M-30761|M-30762|M-30763|M-30771|M-30774|M-30775|M-30776
BT-000899,customer,INV-2384
BT-000900,customer,INV-2390
BT-000901,customer,INV-2387
BT-000902,supplier,M-30795|M-30796
BT-000903,customer,INV-2385
BT-000904,ignore,
BT-000905,customer,INV-2376
BT-000906,customer,INV-2369
BT-000907,ignore,
BT-000908,supplier,M-30805
BT-000909,ignore,
BT-000910,customer,INV-2356
BT-000911,customer,INV-2375
BT-000912,customer,INV-2389
BT-000913,ignore,
BT-000914,ignore,
BT-000915,ignore,
BT-000916,customer,INV-2391
BT-000917,customer,INV-2398
BT-000918,supplier,M-30809
BT-000919,customer,INV-2395
BT-000920,ignore,
BT-000921,customer,INV-2351
BT-000922,ignore,
BT-000923,ignore,
BT-000924,supplier,M-30818
BT-000925,customer_part,INV-2393
BT-000926,ignore,
BT-000927,ignore,
BT-000928,ignore,
BT-000929,supplier,M-30819
BT-000930,supplier,M-30787|M-30788|M-30791|M-30792|M-30797|M-30798|M-30799|M-30800|M-30803|M-30804|M-30807|M-30808
BT-000931,customer,INV-2396
BT-000932,ignore,
BT-000933,customer,INV-2388
BT-000934,customer,INV-2400
BT-000935,customer,INV-2399
BT-000936,ignore,
BT-000937,supplier,M-30825
BT-000938,supplier,M-30830
BT-000939,supplier,M-30836|M-30837
BT-000940,supplier,M-30768
BT-000941,ignore,
BT-000942,customer,INV-2378
BT-000943,customer,INV-2394
BT-000944,customer,INV-2401
BT-000945,customer,INV-2409
BT-000946,customer,INV-2406
BT-000947,ignore,
BT-000948,ignore,
BT-000949,ignore,
BT-000950,supplier,M-30786
BT-000951,supplier,M-30738|M-30739|M-30748|M-30756|M-30757|M-30764|M-30765|M-30777|M-30780|M-30781|M-30789|M-30790|M-30793|M-30794|M-30801
BT-000952,customer,INV-2402
BT-000953,customer,INV-2405
BT-000954,customer,INV-2386
BT-000955,ignore,
BT-000956,supplier,M-30842|M-30843
BT-000957,supplier,M-30844
BT-000958,supplier,M-30848|M-30849
BT-000959,ignore,
BT-000960,ignore,
BT-000961,ignore,
BT-000962,customer,INV-2404
BT-000963,supplier,M-30802
BT-000964,supplier,M-30810|M-30811|M-30813|M-30814|M-30815|M-30816|M-30821|M-30822|M-30823|M-30826|M-30827|M-30828|M-30831|M-30832|M-30833|M-30834|M-30839|M-30840
BT-000965,supplier,M-30856
BT-000966,customer,INV-2403
BT-000967,customer,INV-2416
BT-000968,customer,INV-2421
BT-000969,customer,INV-2422
BT-000970,supplier,M-30812
BT-000971,customer,INV-2415
BT-000972,ignore,
BT-000973,customer_part,INV-2393
BT-000974,customer,INV-2410
BT-000975,ignore,
BT-000976,ignore,
BT-000977,ignore,
BT-000978,customer,INV-2420
BT-000979,customer,INV-2423
BT-000980,supplier,M-30806
BT-000981,ignore,
BT-000982,customer,INV-2397
BT-000983,ignore,
BT-000984,supplier,M-30838
BT-000985,customer,INV-2413
BT-000986,customer,INV-2414
BT-000987,supplier,M-30860|M-30861
BT-000988,customer,INV-2411
BT-000989,ignore,
BT-000990,ignore,
BT-000991,ignore,
BT-000992,ignore,
BT-000993,ignore,
BT-000994,customer,INV-2424
BT-000995,customer_part,INV-2428
BT-000996,supplier,M-30820
BT-000997,customer,INV-2429
BT-000998,supplier,M-30845|M-30846|M-30850|M-30851|M-30852|M-30853|M-30854|M-30855
BT-000999,customer,INV-2412
BT-001000,customer,INV-2417
BT-001001,customer,INV-2430
BT-001002,ignore,
BT-001003,ignore,
BT-001004,supplier,M-30862
BT-001005,supplier,M-30864
BT-001006,ignore,
BT-001007,ignore,
BT-001008,ignore,
BT-001009,ignore,
BT-001010,customer,INV-2408
BT-001011,customer,INV-2418
BT-001012,supplier,M-30865|M-30866
BT-001013,other,
BT-001014,supplier,M-30817|M-30824|M-30829|M-30835|M-30841|M-30847
BT-001015,customer,INV-2434
BT-001016,ignore,
BT-001017,supplier,M-30872|M-30873
BT-001018,customer,INV-2426
BT-001019,customer,INV-2431
BT-001020,supplier,M-30874|M-30875
BT-001021,customer_part,INV-2419
BT-001022,customer,INV-2436
BT-001023,customer,INV-2438
BT-001024,customer_part,INV-2428
BT-001025,ignore,
BT-001026,ignore,
BT-001027,ignore,
BT-001028,customer,INV-2450
BT-001029,supplier,M-30879|M-30880
BT-001030,supplier,M-30881|M-30882
BT-001031,supplier,M-30885
BT-001032,customer,INV-2463
BT-001033,supplier,M-30857|M-30858|M-30863|M-30867|M-30868|M-30869|M-30870|M-30871|M-31003
BT-001034,ignore,
BT-001035,customer,INV-2425
BT-001036,ignore,
BT-001037,ignore,
BT-001038,ignore,
BT-001039,supplier,M-30890|M-30891
BT-001040,customer,INV-2435
BT-001041,customer,INV-2443
BT-001042,customer,INV-2440
BT-001043,customer,INV-2444
BT-001044,customer,INV-2457
BT-001045,customer,INV-2433
BT-001046,ignore,
BT-001047,customer,INV-2459
BT-001048,ignore,
BT-001049,supplier,M-30904|M-30905|M-30906
BT-001050,customer,INV-2442
BT-001051,supplier,M-30895
BT-001052,supplier,M-30908
BT-001053,customer,INV-2432
BT-001054,customer,INV-2451
BT-001055,customer,INV-2467
BT-001056,ignore,
BT-001057,ignore,
BT-001058,ignore,
BT-001059,other,
BT-001060,customer_part,INV-2419
BT-001061,customer,INV-2449
BT-001062,customer,INV-2441
BT-001063,supplier,M-30913|M-30914
BT-001064,customer,INV-2446
BT-001065,customer,INV-2445
BT-001066,customer,INV-2452
BT-001067,ignore,
BT-001068,ignore,
BT-001069,supplier,M-30921
BT-001070,ignore,
BT-001071,supplier,M-30928|M-30929
BT-001072,supplier,M-30930|M-30931
BT-001073,customer,INV-2437
BT-001074,customer,INV-2456
BT-001075,customer,INV-2454
BT-001076,ignore,
BT-001077,ignore,
BT-001078,ignore,
BT-001079,supplier,M-30876|M-30877|M-30878|M-30883|M-30884|M-30886|M-30887|M-30888|M-30892|M-30893|M-30894|M-30896|M-30897|M-30898|M-30899|M-30900|M-30901|M-30907
BT-001080,customer,INV-2455
BT-001081,ignore,
BT-001082,ignore,
BT-001083,customer,INV-2468
BT-001084,customer,INV-2448
BT-001085,supplier,M-30938
BT-001086,customer,INV-2447
BT-001087,customer,INV-2427
BT-001088,customer,INV-2461
BT-001089,customer,INV-2460
BT-001090,ignore,
BT-001091,supplier,M-30941
BT-001092,supplier,M-30942
BT-001093,customer,INV-2466
BT-001094,ignore,
BT-001095,ignore,
BT-001096,ignore,
BT-001097,customer,INV-2471
BT-001098,supplier,M-30859|M-30889|M-30902|M-30903
BT-001099,customer,INV-2469
BT-001100,customer,INV-2473
BT-001101,customer,INV-2484
BT-001102,customer,INV-2472
BT-001103,ignore,
BT-001104,customer,INV-2477
BT-001105,supplier,M-30950|M-30951
BT-001106,customer,INV-2476
BT-001107,supplier,M-30953
BT-001108,customer,INV-2464
BT-001109,ignore,
BT-001110,ignore,
BT-001111,ignore,
BT-001112,supplier,M-30909|M-30910|M-30911|M-30916|M-30918|M-30919|M-30920|M-30922|M-30923|M-30924|M-30925|M-30926|M-30932|M-30933|M-30934|M-30935|M-30936|M-30937|M-30939
BT-001113,supplier,M-30917
BT-001114,supplier,M-30960
BT-001115,customer,INV-2479
BT-001116,supplier,M-30915
BT-001117,customer,INV-2492
BT-001118,customer,INV-2470
BT-001119,customer,INV-2465
BT-001120,ignore,
BT-001121,ignore,
BT-001122,customer,INV-2478
BT-001123,customer,INV-2474
BT-001124,supplier,M-30964
BT-001125,supplier,M-30969
BT-001126,ignore,
BT-001127,ignore,
BT-001128,ignore,
BT-001129,ignore,
BT-001130,supplier,M-30965
BT-001131,customer,INV-2453
BT-001132,customer,INV-2482
BT-001133,ignore,
BT-001134,supplier,M-30975|M-30976
BT-001135,supplier,M-30985|M-30986
BT-001136,supplier,M-30973|M-30974
BT-001137,customer,INV-2481
BT-001138,customer,INV-2487
BT-001139,supplier,M-30943
BT-001140,ignore,
BT-001141,ignore,
BT-001142,ignore,
BT-001143,ignore,
BT-001144,ignore,
BT-001145,supplier,M-30989
BT-001146,customer,INV-2486
BT-001147,customer,INV-2458
BT-001148,supplier,M-30944|M-30945|M-30946|M-30947|M-30954|M-30955|M-30956|M-30957|M-30961|M-30962|M-30966
BT-001149,supplier,M-30952
BT-001150,supplier,M-30994
BT-001151,customer,INV-2497
BT-001152,ignore,
BT-001153,supplier,M-30990
BT-001154,supplier,M-30991|M-30992
BT-001155,customer,INV-2483
BT-001156,ignore,
BT-001157,customer,INV-2485
BT-001158,ignore,
BT-001159,customer,INV-2490
BT-001160,customer,INV-2496
BT-001161,ignore,
BT-001162,ignore,
BT-001163,ignore,
BT-001164,customer,INV-2475
BT-001165,supplier,M-30912|M-30927|M-30940|M-30948|M-30949|M-30958|M-30959|M-30963|M-30967|M-30968|M-30997|M-31005
BT-001166,customer,INV-2499
BT-001167,customer,INV-2498
BT-001168,ignore,
BT-001169,customer,INV-2494
BT-001170,customer,INV-2489
BT-001171,ignore,
BT-001172,ignore,
BT-001173,ignore,
BT-001174,customer,INV-2480
BT-001175,supplier,M-30970|M-30971|M-30972|M-30977|M-30978|M-30979|M-30980|M-30981|M-30982|M-30987|M-30988|M-30993|M-30995|M-30996
BT-001176,customer,INV-2488
BT-001177,ignore,
BT-001178,customer,INV-2495
BT-001179,ignore,
BT-001180,ignore,
BT-001181,ignore,
BT-001182,ignore,
BT-001183,ignore,
BT-001184,ignore,
BT-001185,ignore,
BT-001186,ignore,
BT-001187,ignore,
BT-001188,ignore,
BT-001189,customer,INV-2493
BT-001190,customer,INV-2500
BT-001191,other,
BT-001192,ignore,
BT-001193,ignore,
BT-001194,ignore,
BT-001195,ignore,
BT-001196,ignore,
BT-001197,ignore,
BT-001198,supplier,M-30983|M-30984
BT-001199,ignore,
BT-001200,ignore,
BT-001201,ignore,
BT-001202,ignore,
BT-001203,ignore,
BT-001204,ignore,
BT-001205,ignore,
BT-001206,ignore,
BT-001207,ignore,
BT-001208,ignore,
